"goods_img","goods_title","goods_price","goods_sales","shop_title","shop_platform","goods_link","grab_time","page_type","category"
"https://imgservice3.suning.cn/uimg1/b2c/image/t5Q2MZamDa1_u1FVk9UnRg.jpg_400w_400h_4e","彪马(PUMA)男鞋女鞋新款缓震舒适低帮运动鞋复古休闲鞋 374127-01 ZP缓震舒适低帮运动鞋复古休闲鞋","34900.00","2","苏宁自营","苏宁","https://product.suning.com/0000000000/12436108957.html","2025-07-06 19:15","product","运动户外"
"https://imgservice5.suning.cn/uimg1/b2c/image/U2P_SIEt23CagP-3xOPhrg.jpg_400w_400h_4e","彪马(PUMA)男鞋女鞋新款拼接撞色面包鞋耐磨运动鞋缓震舒适休闲鞋 395084-01 ZP耐磨运动鞋缓震舒适休闲鞋","53900.00","0","苏宁自营","苏宁","https://product.suning.com/0000000000/12436087399.html","2025-07-06 19:15","product","运动户外"
"https://imgservice2.suning.cn/uimg1/b2c/image/8PlXl9dLSWV_ee_SQhKCuQ.jpg_400w_400h_4e","PUMA彪马板鞋女鞋23秋季新款舒适透气运动鞋轻便防滑耐磨低帮休闲鞋子 397250-01热卖中","51440.00","1","苏宁自营","苏宁","https://product.suning.com/0000000000/12418859232.html","2025-07-06 19:15","product","运动户外"
"https://imgservice2.suning.cn/uimg1/b2c/image/QxDx3XALLKCr1hsHpFTVUQ.jpg_400w_400h_4e","彪马(PUMA)男鞋女鞋情侣运动鞋潮流时尚复古低帮休闲鞋板鞋 395736-03热卖中","42340.00","1","苏宁自营","苏宁","https://product.suning.com/0000000000/12429487951.html","2025-07-06 19:15","product","运动户外"
"https://imgservice1.suning.cn/uimg1/b2c/image/WqjlzrDVuW9sWXA6TMdNpw.jpg_400w_400h_4e","彪马(PUMA)男鞋女鞋 秋季新款跑步健身训练运动鞋子户外透气耐磨休闲鞋 392291热卖中","31300.00","1","苏宁自营","苏宁","https://product.suning.com/0000000000/12422586661.html","2025-07-06 19:15","product","运动户外"
"https://imgservice1.suning.cn/uimg1/b2c/image/ULcB06tXl68NKtiqMIl2XQ.jpg_400w_400h_4e","彪马(PUMA)男鞋女鞋户外出行运动鞋舒适耐磨透气休闲鞋板鞋 384857-02热卖中","30960.00","1","苏宁自营","苏宁","https://product.suning.com/0000000000/12429487784.html","2025-07-06 19:15","product","运动户外"
"https://imgservice4.suning.cn/uimg1/b2c/image/6M9yzQpcb9pEN6ba6VUhqQ.jpg_400w_400h_4e","彪马(PUMA)男鞋女鞋新款缓震耐磨轻便舒适运动鞋休闲鞋386269-01 ZP缓震耐磨轻便舒适运动鞋","32900.00","1","苏宁自营","苏宁","https://product.suning.com/0000000000/12436115228.html","2025-07-06 19:15","product","运动户外"
"https://imgservice1.suning.cn/uimg1/b2c/image/0hnp0_ZjocnKQTgkksBTGA.jpg_400w_400h_4e","彪马(PUMA)女鞋 新款厚底运动鞋复古潮流轻便休闲鞋板鞋397461-03 ZP复古潮流轻便休闲鞋板鞋","50900.00","0","苏宁自营","苏宁","https://product.suning.com/0000000000/12436168730.html","2025-07-06 19:15","product","运动户外"
"https://imgservice1.suning.cn/uimg1/b2c/image/u1SneUS02vTQVMCrDT5sjA.jpg_400w_400h_4e","彪马(PUMA)女鞋新款板鞋厚底增高平底鞋户外出行休闲鞋运动板鞋 397462-04 ZP厚底增高平底鞋户外出行休闲鞋","55900.00","0","苏宁自营","苏宁","https://product.suning.com/0000000000/12436168745.html","2025-07-06 19:15","product","运动户外"
"https://imgservice2.suning.cn/uimg1/b2c/image/i5yu3_ujjnH0ovYE-j2AAQ.jpg_400w_400h_4e","彪马(PUMA)男鞋女鞋 新款德训鞋撞色拼接休闲鞋运动情侣鞋低帮板鞋 396463-02 ZP撞色拼接休闲鞋","59900.00","0","苏宁自营","苏宁","https://product.suning.com/0000000000/12436090080.html","2025-07-06 19:15","product","运动户外"
"https://imgservice3.suning.cn/uimg1/b2c/image/qQaZszwcZeW7UAJlHKEL_g.jpg_400w_400h_4e","彪马(Puma)男鞋女鞋 秋季新款时尚舒适轻便运动鞋透气潮流休闲健身鞋 393277热卖中","46600.00","0","苏宁自营","苏宁","https://product.suning.com/0000000000/12422585632.html","2025-07-06 19:15","product","运动户外"
"https://imgservice2.suning.cn/uimg1/b2c/image/7LXgk6pNF2wbHSu33Oh0qg.jpg_400w_400h_4e","puma彪马休闲鞋男鞋女鞋2021秋冬新款跑步训练健身轻便鞋耐磨舒适时尚运动鞋385551 385551-02 37热卖中","26700.00","0","苏宁自营","苏宁","https://product.suning.com/0000000000/12399813452.html","2025-07-06 19:15","product","运动户外"
"https://imgservice4.suning.cn/uimg1/b2c/image/r_6fk8GIQUK60CZn0eTn9g.jpg_400w_400h_4e","彪马(PUMA)男鞋女鞋新款情侣运动鞋潮流时尚休闲鞋板鞋396841-01 ZP潮流时尚休闲鞋板鞋","66900.00","1","苏宁自营","苏宁","https://product.suning.com/0000000000/12436091405.html","2025-07-06 19:15","product","运动户外"
"https://imgservice1.suning.cn/uimg1/b2c/image/TZE5m4kEjiuYmS1Z4Dhfwg.jpg_400w_400h_4e","彪马(PUMA)男鞋女鞋 秋季新款运动鞋跑步健身训练跑步鞋时尚潮流轻便休闲鞋 392322-03热卖中","38830.00","0","苏宁自营","苏宁","https://product.suning.com/0000000000/12422586153.html","2025-07-06 19:15","product","运动户外"
"https://imgservice1.suning.cn/uimg1/b2c/image/896vKbT4PbLOo46ES0l-ag.jpg_400w_400h_4e","puma彪马休闲鞋2022春季新款运动鞋复古时撞色耐磨舒适轻便透气板鞋情侣鞋子383462 383462-03 37热卖中","27070.00","0","苏宁自营","苏宁","https://product.suning.com/0000000000/12399813427.html","2025-07-06 19:15","product","运动户外"
"https://imgservice3.suning.cn/uimg1/b2c/image/--StleUWLIiaoc0804zzuw.jpg_400w_400h_4e","彪马(PUMA)男鞋女鞋夏季运动鞋跑步健身训练跑步鞋时尚情侣轻便休闲鞋 392899-04热卖中","36200.00","0","苏宁自营","苏宁","https://product.suning.com/0000000000/12418780328.html","2025-07-06 19:15","product","运动户外"
"https://imgservice4.suning.cn/uimg1/b2c/image/scA0SYZnaAKPpCEYNygHHQ.jpg_400w_400h_4e","PUMA彪马跑步鞋男鞋女鞋23秋季新款户外运动鞋轻便耐磨防滑潮流休闲鞋 392899-01 45/295/10.5热卖中","34440.00","0","苏宁自营","苏宁","https://product.suning.com/0000000000/12418780345.html","2025-07-06 19:15","product","运动户外"
"https://imgservice4.suning.cn/uimg1/b2c/image/4W_TbjDQbs_eZ0WhI_FS5g.png_400w_400h_4e","彪马(PUMA)官方舰店男鞋女鞋 23秋季新款运动鞋休闲鞋时尚复古潮流高帮板鞋 374765-05 45/295mm/1热卖中","35860.00","0","苏宁自营","苏宁","https://product.suning.com/0000000000/12418780363.html","2025-07-06 19:15","product","运动户外"
"https://imgservice2.suning.cn/uimg1/b2c/image/wF4byDuynx9DIkaqH7OooQ.jpg_400w_400h_4e","彪马(PUMA)官方女鞋 秋季新款运动鞋户外出行时尚板鞋低帮轻便透气休闲鞋 393065-02热卖中","51800.00","0","苏宁自营","苏宁","https://product.suning.com/0000000000/12422585553.html","2025-07-06 19:15","product","运动户外"
"https://imgservice2.suning.cn/uimg1/b2c/image/SRiIaJz804BkwlG8c6srMQ.jpg_400w_400h_4e","彪马(PUMA)休闲鞋男女鞋子复古撞色运动鞋轻便情侣鞋 392901-01热卖中","35000.00","0","苏宁自营","苏宁","https://product.suning.com/0000000000/12422585562.html","2025-07-06 19:15","product","运动户外"
"https://imgservice3.suning.cn/uimg1/b2c/image/krpGE_8rl_k3K8q48R8ppA.jpg_400w_400h_4e","彪马(Puma)男鞋女鞋 秋季新款时尚舒适轻便运动鞋透气潮流休闲健身鞋 393277热卖中","46600.00","0","苏宁自营","苏宁","https://product.suning.com/0000000000/12422585599.html","2025-07-06 19:15","product","运动户外"
"https://imgservice4.suning.cn/uimg1/b2c/image/ao5GzRYN5N0HoAO3T47Pvw.jpg_400w_400h_4e","彪马(Puma)男鞋女鞋板鞋 秋季自新款营运动鞋透气情侣鞋缓震时尚休闲鞋 393282热卖中","51000.00","0","苏宁自营","苏宁","https://product.suning.com/0000000000/12422585684.html","2025-07-06 19:15","product","运动户外"
"https://imgservice5.suning.cn/uimg1/b2c/image/pooucm9uBKSrtF_kYp6QPA.jpg_400w_400h_4e","彪马(PUMA)女鞋 秋季新款跑步运动鞋户外健身训练时尚透气耐磨休闲鞋 395904热卖中","44500.00","0","苏宁自营","苏宁","https://product.suning.com/0000000000/12422585719.html","2025-07-06 19:15","product","运动户外"
"https://imgservice5.suning.cn/uimg1/b2c/image/_D3s5lD8fRdgXBPeQ-QV6A.jpg_400w_400h_4e","彪马(PUMA)官方 新款男女同款情侣复古休闲鞋 R78 NYLON 397149热卖中","41260.00","0","苏宁自营","苏宁","https://product.suning.com/0000000000/12422585728.html","2025-07-06 19:15","product","服装鞋帽"
"https://imgservice1.suning.cn/uimg1/b2c/image/cT2QNNkagUqTLTeyJYNfOw.jpg_400w_400h_4e","彪马(PUMA)男鞋女鞋秋季新款体考田径训练短跑钉鞋比赛跑步鞋运动鞋钉子鞋 194934-01热卖中","38090.00","0","苏宁自营","苏宁","https://product.suning.com/0000000000/12422585761.html","2025-07-06 19:15","product","运动户外"
"https://imgservice3.suning.cn/uimg1/b2c/image/rVvZzJoBp1QedndTmNkBiw.jpg_400w_400h_4e","彪马(PUMA)女鞋冬季新款SUEDE复古低帮厚底运动鞋学生女子休闲板鞋 395904热卖中","40230.00","0","苏宁自营","苏宁","https://product.suning.com/0000000000/12422585845.html","2025-07-06 19:15","product","运动户外"
"https://imgservice3.suning.cn/uimg1/b2c/image/cBRAmvoILlS4wP-vgUN-EQ.jpg_400w_400h_4e","彪马(Puma)男鞋女鞋 秋冬新款户外跑步运动鞋时尚复古舒适透气休闲鞋 397149-01热卖中","41260.00","0","苏宁自营","苏宁","https://product.suning.com/0000000000/12422585862.html","2025-07-06 19:15","product","运动户外"
"https://imgservice4.suning.cn/uimg1/b2c/image/rBpTSnZ55eT5rh6JoUhGUQ.jpg_400w_400h_4e","彪马(PUMA)板鞋男女鞋秋季新款运动低帮轻便休闲鞋小白鞋374902热卖中","30500.00","0","苏宁自营","苏宁","https://product.suning.com/0000000000/12422585925.html","2025-07-06 19:15","product","运动户外"
"https://imgservice2.suning.cn/uimg1/b2c/image/_KLSx-4Ms_vCu9Y8VwUAdw.jpg_400w_400h_4e","彪马(Puma)男鞋女鞋 秋季新款时尚潮流休闲鞋子户外耐磨缓震运动鞋 388774热卖中","46200.00","0","苏宁自营","苏宁","https://product.suning.com/0000000000/12422586171.html","2025-07-06 19:15","product","运动户外"
"https://imgservice2.suning.cn/uimg1/b2c/image/-IEzdg3UMnXlIoBonDvSqg.jpg_400w_400h_4e","彪马(PUMA)男鞋女鞋 秋季新款时尚撞色拼接运动鞋透气休闲鞋低帮板鞋 392328热卖中","38300.00","0","苏宁自营","苏宁","https://product.suning.com/0000000000/12422586204.html","2025-07-06 19:15","product","运动户外"
"https://imgservice2.suning.cn/uimg1/b2c/image/f6XpnNcWAXsadspxJQH7Vg.jpg_400w_400h_4e","彪马(PUMA)男鞋女鞋 秋季新款跑步健身训练运动鞋子户外透气耐磨休闲鞋 392326-02热卖中","38830.00","0","苏宁自营","苏宁","https://product.suning.com/0000000000/12422586679.html","2025-07-06 19:15","product","运动户外"
"https://imgservice1.suning.cn/uimg1/b2c/image/ecOa46Ufbib4j8bRjAKB9w.jpg_400w_400h_4e","彪马(PUMA)男鞋女鞋时尚运动鞋跑步训练健身耐磨舒适透气板鞋休闲鞋 309668-29热卖中","31270.00","0","苏宁自营","苏宁","https://product.suning.com/0000000000/12429486906.html","2025-07-06 19:15","product","运动户外"
"https://imgservice5.suning.cn/uimg1/b2c/image/xu5a7HJqLVwIjFzCvYDxLQ.jpg_400w_400h_4e","彪马(Puma)男鞋运动鞋低帮轻便舒适MG短钉人草训练足球鞋 107252-03热卖中","109000.00","0","苏宁自营","苏宁","https://product.suning.com/0000000000/12429486941.html","2025-07-06 19:15","product","运动户外"
"https://imgservice5.suning.cn/uimg1/b2c/image/klSp3BXwg_7ukeQteWXu6w.jpg_400w_400h_4e","彪马(PUMA)中性潮流时尚经典百搭低帮休闲鞋 378776-07热卖中","39500.00","0","苏宁自营","苏宁","https://product.suning.com/0000000000/12429487059.html","2025-07-06 19:15","product","服装鞋帽"
"https://imgservice3.suning.cn/uimg1/b2c/image/vvbdQlIZElwOS6SkoKxXyQ.jpg_400w_400h_4e","彪马(PUMA)板鞋男女时尚厚底增高休闲鞋舒适透气小白鞋耐磨运动鞋 380190-44热卖中","49400.00","0","苏宁自营","苏宁","https://product.suning.com/0000000000/12429487683.html","2025-07-06 19:15","product","运动户外"
"https://imgservice2.suning.cn/uimg1/b2c/image/tVgky-bkXfx36fpEoXSZrg.jpg_400w_400h_4e","彪马(PUMA)男鞋女鞋户外运动鞋缓震耐磨休闲情侣鞋低帮透气板鞋 380190-41热卖中","52400.00","0","苏宁自营","苏宁","https://product.suning.com/0000000000/12429487719.html","2025-07-06 19:15","product","运动户外"
"https://imgservice2.suning.cn/uimg1/b2c/image/BWf3rJZbRQmRox7gwtGC8g.jpg_400w_400h_4e","彪马(PUMA)男鞋女鞋板鞋防滑耐磨休闲鞋舒适透气运动鞋低帮情侣鞋 380810-35热卖中","36860.00","0","苏宁自营","苏宁","https://product.suning.com/0000000000/12429487747.html","2025-07-06 19:15","product","运动户外"
"https://imgservice1.suning.cn/uimg1/b2c/image/yO-ifgN53qFygfVMcEMemQ.jpg_400w_400h_4e","彪马(PUMA)男女鞋情侣运动鞋舒适轻便休闲鞋384857-01热卖中","30960.00","0","苏宁自营","苏宁","https://product.suning.com/0000000000/12429487765.html","2025-07-06 19:15","product","运动户外"
"https://imgservice5.suning.cn/uimg1/b2c/image/4xV5UzdbTBJ8vnKomOKF5A.jpg_400w_400h_4e","彪马(PUMA)男鞋女鞋情侣运动鞋潮流时尚轻便复古休闲鞋板鞋 387327-10热卖中","50400.00","0","苏宁自营","苏宁","https://product.suning.com/0000000000/12429487805.html","2025-07-06 19:15","product","运动户外"
"https://imgservice5.suning.cn/uimg1/b2c/image/U5Mq11089QtEXM5nYysEMQ.jpg_400w_400h_4e","彪马(PUMA)休闲鞋男女鞋运动小白鞋复古板鞋392290-02热卖中","36860.00","0","苏宁自营","苏宁","https://product.suning.com/0000000000/12429487823.html","2025-07-06 19:15","product","运动户外"
"https://imgservice4.suning.cn/uimg1/b2c/image/2g7XM6qTFmWDkLA5sGqQZg.jpg_400w_400h_4e","彪马Puma休闲鞋男女鞋子复古撞色运动鞋轻便情侣鞋392901-01热卖中","35000.00","0","苏宁自营","苏宁","https://product.suning.com/0000000000/12429487849.html","2025-07-06 19:15","product","运动户外"
"https://imgservice4.suning.cn/uimg1/b2c/image/po4k212VcC8CWRXDK0sJ8Q.jpg_400w_400h_4e","彪马(PUMA)男鞋女鞋运动休闲鞋时尚潮流轻便跑步鞋运动鞋子 395075-01热卖中","42900.00","0","苏宁自营","苏宁","https://product.suning.com/0000000000/12429487867.html","2025-07-06 19:15","product","运动户外"
"https://imgservice2.suning.cn/uimg1/b2c/image/UKF_996NTKd6bYi46H_iLg.jpg_400w_400h_4e","彪马(PUMA)男鞋女鞋情侣运动鞋潮流时尚轻便复古老爹鞋休闲鞋 395295-02热卖中","32770.00","0","苏宁自营","苏宁","https://product.suning.com/0000000000/12429487970.html","2025-07-06 19:15","product","运动户外"
"https://imgservice2.suning.cn/uimg1/b2c/image/xLkk0rWEC4sFh1ML9ifNng.jpg_400w_400h_4e","彪马板鞋男鞋Park Lifestyle OG时尚鞋子舒适低帮休闲鞋 397262-07热卖中","42810.00","0","苏宁自营","苏宁","https://product.suning.com/0000000000/12429488092.html","2025-07-06 19:15","product","服装鞋帽"
"https://imgservice2.suning.cn/uimg1/b2c/image/XsISfbsRcQSdS1rINV7b2Q.jpg_400w_400h_4e","彪马(PUMA)女鞋透气耐磨运动鞋厚底增高休闲鞋复古低帮板鞋 397233-01热卖中","43220.00","0","苏宁自营","苏宁","https://product.suning.com/0000000000/12429490016.html","2025-07-06 19:15","product","运动户外"
"https://imgservice2.suning.cn/uimg1/b2c/image/0UyGzcXYpB3fKKFkMQgkig.jpg_400w_400h_4e","彪马(PUMA)女鞋复古轻便低帮休闲鞋运动板鞋 397233-02热卖中","49900.00","0","苏宁自营","苏宁","https://product.suning.com/0000000000/12429490045.html","2025-07-06 19:15","product","运动户外"
"https://imgservice1.suning.cn/uimg1/b2c/image/YPJ3X77aq_NHBZrQ1O0-Ig.jpg_400w_400h_4e","彪马(PUMA)男鞋女鞋新款情侣运动鞋低帮轻便透气耐磨板鞋时尚休闲鞋309668-03 ZP低帮轻便透气耐磨板鞋","37900.00","0","苏宁自营","苏宁","https://product.suning.com/0000000000/12436038245.html","2025-07-06 19:15","product","运动户外"
"https://imgservice1.suning.cn/uimg1/b2c/image/oB24bWRHglu65LZzhRnQ0Q.jpg_400w_400h_4e","彪马(PUMA)小白鞋男女鞋新款透气轻便情侣运动鞋时尚潮流休闲板鞋372605-07 ZP时尚潮流休闲板鞋","39900.00","0","苏宁自营","苏宁","https://product.suning.com/0000000000/12436038495.html","2025-07-06 19:15","product","运动户外"
"https://imgservice1.suning.cn/uimg1/b2c/image/W0tljQbEtqON3_64V45l-A.jpg_400w_400h_4e","彪马(PUMA)男鞋女鞋新款情侣小白鞋耐磨运动鞋休闲鞋低帮板鞋 374902-08 ZP耐磨运动鞋休闲鞋低帮板鞋","44900.00","0","苏宁自营","苏宁","https://product.suning.com/0000000000/12436039371.html","2025-07-06 19:15","product","运动户外"
"https://imgservice3.suning.cn/uimg1/b2c/image/OuALrL-VVPtpF2MsAfK4lQ.jpg_400w_400h_4e","彪马(PUMA)男鞋女鞋新款滑板运动鞋潮流复古休闲鞋翻毛皮低帮板鞋374915-07 ZP潮流复古休闲鞋翻毛皮低帮板鞋","49900.00","0","苏宁自营","苏宁","https://product.suning.com/0000000000/12436039507.html","2025-07-06 19:15","product","运动户外"
"https://imgservice5.suning.cn/uimg1/b2c/image/SVf8828J4dtL7DaVh4GQYQ.jpg_400w_400h_4e","彪马(PUMA)男鞋女鞋新款小白鞋耐磨运动鞋情侣休闲鞋低帮板鞋 380150-06 ZP耐磨运动鞋情侣休闲鞋低帮板鞋","39900.00","0","苏宁自营","苏宁","https://product.suning.com/0000000000/12436039647.html","2025-07-06 19:15","product","运动户外"
"https://imgservice2.suning.cn/uimg1/b2c/image/OGFfOBjd3qwKwEFRgSk6gg.jpg_400w_400h_4e","彪马(PUMA)男女新款低帮百搭经典复古休闲轻便透气运动板鞋380190-01 ZP低帮百搭经典复古板鞋","60900.00","0","苏宁自营","苏宁","https://product.suning.com/0000000000/12436044376.html","2025-07-06 19:15","product","运动户外"
"https://imgservice5.suning.cn/uimg1/b2c/image/KlV5hR4xoiUiYGPdvXaUyQ.jpg_400w_400h_4e","彪马(PUMA)男鞋女鞋新款休闲鞋运动鞋轻便透气复古撞色低帮板鞋380810-35 ZP轻便透气复古撞色低帮板鞋","49900.00","0","苏宁自营","苏宁","https://product.suning.com/0000000000/12436045369.html","2025-07-06 19:15","product","运动户外"
"https://imgservice4.suning.cn/uimg1/b2c/image/rEUJbfMAyeKWSjsD3qcRxQ.jpg_400w_400h_4e","彪马(PUMA)男鞋女鞋新款运动鞋轻便耐磨低帮板鞋时尚潮流休闲鞋386373-07 ZP轻便耐磨低帮板鞋时尚潮流休闲鞋","52900.00","0","苏宁自营","苏宁","https://product.suning.com/0000000000/12436046996.html","2025-07-06 19:15","product","运动户外"
"https://imgservice2.suning.cn/uimg1/b2c/image/NDkiNHzJv2APnGqKL1hKVg.jpg_400w_400h_4e","彪马(Puma)男鞋女鞋新款情侣运动鞋潮流时尚轻便复古休闲鞋板鞋 387327-10 ZP潮流时尚轻便复古休闲鞋板鞋","60900.00","0","苏宁自营","苏宁","https://product.suning.com/0000000000/12436047999.html","2025-07-06 19:15","product","运动户外"
"https://imgservice5.suning.cn/uimg1/b2c/image/EyJ945h8F5kmSL1bOS4lpg.jpg_400w_400h_4e","彪马(PUMA)男鞋女鞋新款时尚透气运动鞋健身训练低帮板鞋休闲鞋 390987-03 ZP时尚透气运动鞋健身训练低帮板鞋","47900.00","0","苏宁自营","苏宁","https://product.suning.com/0000000000/12436048211.html","2025-07-06 19:15","product","运动户外"
"https://imgservice4.suning.cn/uimg1/b2c/image/aOVNwpxoyINOl1F-c-lT5g.jpg_400w_400h_4e","PUMA彪马女鞋板鞋新款拼接透气休闲鞋低帮耐磨舒适轻便运动鞋392328-20 ZP耐磨舒适轻便运动鞋","50900.00","0","苏宁自营","苏宁","https://product.suning.com/0000000000/12436080786.html","2025-07-06 19:15","product","运动户外"
"https://imgservice3.suning.cn/uimg1/b2c/image/foZmOLUHDyBpcNYhAKYXXg.jpg_400w_400h_4e","彪马(PUMA)男鞋女鞋新款运动鞋轻便耐磨低帮板鞋时尚透气情侣休闲鞋394666-01 ZP轻便耐磨低帮板鞋","50900.00","0","苏宁自营","苏宁","https://product.suning.com/0000000000/12436082837.html","2025-07-06 19:15","product","运动户外"
"https://imgservice2.suning.cn/uimg1/b2c/image/dkqSJKt3EX-YiWTu3UF_aA.jpg_400w_400h_4e","彪马(PUMA)男鞋女鞋新款运动鞋轻便舒适透气低帮休闲鞋板鞋 395016-04 ZP轻便舒适透气低帮休闲鞋板鞋","47900.00","0","苏宁自营","苏宁","https://product.suning.com/0000000000/12436083541.html","2025-07-06 19:15","product","运动户外"
"https://imgservice3.suning.cn/uimg1/b2c/image/1OuRBJThNBMP3l2M571b-A.jpg_400w_400h_4e","彪马(PUMA)男鞋女鞋新款运动鞋耐磨透气板鞋舒适厚底面包鞋休闲鞋395022-02 ZP耐磨透气板鞋舒适厚底面包鞋","55900.00","0","苏宁自营","苏宁","https://product.suning.com/0000000000/12436085468.html","2025-07-06 19:15","product","运动户外"
"https://imgservice5.suning.cn/uimg1/b2c/image/G-6X0UksK3SBRDGMnnkpXA.jpg_400w_400h_4e","PUMA彪马男鞋女鞋板鞋新款户外运动鞋轻便透气耐磨低帮复古休闲鞋 395075-01 ZP轻便透气耐磨低帮复古休闲鞋","53900.00","0","苏宁自营","苏宁","https://product.suning.com/0000000000/12436086491.html","2025-07-06 19:15","product","运动户外"
"https://imgservice1.suning.cn/uimg1/b2c/image/GqnYE8Aae6HI9uZIMkSC1w.jpg_400w_400h_4e","彪马(PUMA)男鞋女鞋 新款运动低帮轻便时尚复古情侣厚底休闲板鞋395080-02 ZP低帮轻便时尚复古情侣厚底休闲板鞋","48900.00","0","苏宁自营","苏宁","https://product.suning.com/0000000000/12436086961.html","2025-07-06 19:15","product","运动户外"
"https://imgservice1.suning.cn/uimg1/b2c/image/ogik-XsmUwsNG7qoP2kbRA.jpg_400w_400h_4e","PUMA彪马男鞋女鞋新款轻便透气户外滑板鞋低帮休闲板鞋395202-05 ZP轻便透气户外滑板鞋低帮休闲板鞋","49900.00","0","苏宁自营","苏宁","https://product.suning.com/0000000000/12436087840.html","2025-07-06 19:15","product","运动户外"
"https://imgservice3.suning.cn/uimg1/b2c/image/Nx2w7gmnAsStSxvXg2yLOQ.jpg_400w_400h_4e","彪马(PUMA)男鞋女鞋新款拼接撞色轻便运动低帮休闲板鞋395388-01 ZP拼接撞色轻便运动低帮休闲板鞋","54900.00","0","苏宁自营","苏宁","https://product.suning.com/0000000000/12436087976.html","2025-07-06 19:15","product","运动户外"
"https://imgservice5.suning.cn/uimg1/b2c/image/Kzvm9yv30PbI-tqX0GLO5g.jpg_400w_400h_4e","彪马(PUMA)男鞋女鞋新款 豹纹拼接板鞋复古低帮休闲鞋395735-01 ZP豹纹拼接板鞋复古低帮休闲鞋","54900.00","0","苏宁自营","苏宁","https://product.suning.com/0000000000/12436088256.html","2025-07-06 19:15","product","服装鞋帽"
"https://imgservice2.suning.cn/uimg1/b2c/image/zLxjKHu3Q4vlKaFrli95eA.jpg_400w_400h_4e","彪马(PUMA)女鞋新款运动鞋轻便耐磨低帮时尚舒适休闲板鞋395737-02 ZP轻便耐磨低帮时尚舒适休闲板鞋","56900.00","0","苏宁自营","苏宁","https://product.suning.com/0000000000/12436088433.html","2025-07-06 19:15","product","运动户外"
"https://imgservice2.suning.cn/uimg1/b2c/image/YSHMOv6A18OwrZvAAdkVMQ.jpg_400w_400h_4e","彪马(PUMA)男鞋女鞋 新款运动鞋户外出行潮流时尚低帮轻便休闲鞋395773-02 ZP潮流时尚低帮轻便休闲鞋","64900.00","0","苏宁自营","苏宁","https://product.suning.com/0000000000/12436088686.html","2025-07-06 19:15","product","运动户外"
"https://imgservice4.suning.cn/uimg1/b2c/image/aRi4pwsDEC8ZuGqTUI2NDA.jpg_400w_400h_4e","彪马(PUMA)男鞋女鞋新款板鞋低帮耐磨休闲鞋户外出行平底鞋板鞋395783-02 ZP低帮耐磨休闲鞋","54900.00","0","苏宁自营","苏宁","https://product.suning.com/0000000000/12436089944.html","2025-07-06 19:15","product","运动户外"
"https://imgservice3.suning.cn/uimg1/b2c/image/yGNNoaGFvLg9rOUa43Cv1A.jpg_400w_400h_4e","彪马(PUMA)男鞋女鞋新款轻便休闲鞋校园运动鞋情侣低帮板鞋 395830-02 ZP轻便休闲鞋低帮板鞋","57900.00","0","苏宁自营","苏宁","https://product.suning.com/0000000000/12436089976.html","2025-07-06 19:15","product","运动户外"
"https://imgservice4.suning.cn/uimg1/b2c/image/aC1CAI9ZqRM1d1vm4yVYAQ.jpg_400w_400h_4e","彪马(PUMA)男鞋女鞋新款情侣运动鞋潮流时尚透气休闲鞋 396147-01 ZP潮流时尚透气休闲鞋","44900.00","0","苏宁自营","苏宁","https://product.suning.com/0000000000/12436090015.html","2025-07-06 19:15","product","运动户外"
"https://imgservice1.suning.cn/uimg1/b2c/image/gdo9nQmBk_MRIgIoQ4evtA.jpg_400w_400h_4e","彪马(PUMA)男鞋女鞋新款情侣运动鞋潮流时尚舒适透气休闲鞋板鞋396464-01 ZP潮流时尚舒适透气休闲鞋","57900.00","0","苏宁自营","苏宁","https://product.suning.com/0000000000/12436090175.html","2025-07-06 19:15","product","运动户外"
"https://imgservice5.suning.cn/uimg1/b2c/image/zwfPkkEQaJsKwBEdzv-vWw.jpg_400w_400h_4e","PUMA彪马男鞋女鞋新款潮流百搭运动鞋复古低帮休闲板鞋397262-02 ZP潮流百搭运动鞋复古低帮休闲板鞋","55900.00","0","苏宁自营","苏宁","https://product.suning.com/0000000000/12436091596.html","2025-07-06 19:15","product","运动户外"
"https://imgservice1.suning.cn/uimg1/b2c/image/6iftFVA-_ZwK6zQPpyGN8g.jpg_400w_400h_4e","彪马(PUMA)男鞋女鞋新款板鞋撞色拼接面包鞋休闲鞋运动板鞋 397495-01 ZP撞色拼接面包鞋休闲鞋运动板鞋","54900.00","0","苏宁自营","苏宁","https://product.suning.com/0000000000/12436092419.html","2025-07-06 19:15","product","运动户外"
"https://imgservice2.suning.cn/uimg1/b2c/image/ESNelD5hhrwIjCjt5RusAw.jpg_400w_400h_4e","彪马(PUMA)男鞋女鞋新款情侣款经典低帮舒适运动鞋翻毛皮休闲鞋板鞋 397549-01 ZP经典低帮舒适运动鞋","67900.00","0","苏宁自营","苏宁","https://product.suning.com/0000000000/12436092871.html","2025-07-06 19:15","product","运动户外"
"https://imgservice3.suning.cn/uimg1/b2c/image/SloyUy4544aKZoxHEtQk2w.jpg_400w_400h_4e","彪马(PUMA)男鞋女鞋新款情侣运动鞋低帮板鞋时尚潮流复古休闲鞋398182-01 ZP低帮板鞋时尚潮流复古休闲鞋","69900.00","0","苏宁自营","苏宁","https://product.suning.com/0000000000/12436093164.html","2025-07-06 19:15","product","运动户外"
"https://imgservice4.suning.cn/uimg1/b2c/image/ddivIvnBApC6rlO7Qn_rUA.jpg_400w_400h_4e","彪马(PUMA)男鞋女鞋 新款板鞋户外出行运动情侣鞋低帮耐磨缓震板鞋398190-01 ZP低帮耐磨缓震板鞋","69900.00","0","苏宁自营","苏宁","https://product.suning.com/0000000000/12436093361.html","2025-07-06 19:15","product","运动户外"
"https://imgservice4.suning.cn/uimg1/b2c/image/r6G2GH_-GNVtb6nqOkelgA.jpg_400w_400h_4e","彪马(PUMA)男鞋女鞋新款板鞋拼接情侣鞋低帮耐磨休闲鞋运动板鞋398346-01 ZP低帮耐磨休闲鞋运动板鞋","67900.00","0","苏宁自营","苏宁","https://product.suning.com/0000000000/12436094005.html","2025-07-06 19:15","product","运动户外"
"https://imgservice3.suning.cn/uimg1/b2c/image/J6EJbKdmnU4549azfhliZg.jpg_400w_400h_4e","彪马(PUMA)男鞋女鞋 新款板鞋撞色拼接情侣鞋低帮耐磨休闲运动板鞋 398347-01 ZP拼接情侣鞋低帮耐磨休闲运动板鞋","66900.00","0","苏宁自营","苏宁","https://product.suning.com/0000000000/12436094833.html","2025-07-06 19:15","product","运动户外"
"https://imgservice3.suning.cn/uimg1/b2c/image/kNQG0s1te9wBIUJQEHA94g.jpg_400w_400h_4e","彪马(PUMA)板鞋男鞋女鞋新款低帮休闲鞋翻毛皮运动鞋情侣款潮流板鞋 398656-01 ZP翻毛皮运动鞋情侣款潮流板鞋","60900.00","0","苏宁自营","苏宁","https://product.suning.com/0000000000/12436095195.html","2025-07-06 19:15","product","运动户外"
"https://imgservice4.suning.cn/uimg1/b2c/image/MiPWNULG8Xy1b8CLhy5LkQ.jpg_400w_400h_4e","彪马(PUMA)男鞋女鞋 新款轻便平底鞋低帮休闲鞋户外运动板鞋 398810-01 ZP轻便平底鞋低帮休闲鞋","65900.00","0","苏宁自营","苏宁","https://product.suning.com/0000000000/12436103972.html","2025-07-06 19:15","product","运动户外"
"https://imgservice3.suning.cn/uimg1/b2c/image/078PaEIdEPlel2KOwpNi5Q.jpg_400w_400h_4e","彪马(PUMA)男鞋女鞋新款情侣运动鞋翻毛皮板鞋复古经典休闲鞋低帮板鞋 399103-01 ZP复古经典休闲鞋低帮板鞋","57900.00","0","苏宁自营","苏宁","https://product.suning.com/0000000000/12436104418.html","2025-07-06 19:15","product","运动户外"
"https://imgservice5.suning.cn/uimg1/b2c/image/P_dQhNW2InG1B0FhZ85WcA.jpg_400w_400h_4e","彪马(PUMA)德训鞋男女鞋新款轻便运动休闲鞋耐磨防滑复古时尚板鞋399341-03 ZP耐磨防滑复古时尚板鞋","50900.00","0","苏宁自营","苏宁","https://product.suning.com/0000000000/12436104830.html","2025-07-06 19:15","product","运动户外"
"https://imgservice5.suning.cn/uimg1/b2c/image/Kc63A5KHi_CtEEvj6RFFuw.jpg_400w_400h_4e","彪马(PUMA)男鞋女鞋新款板鞋低帮耐磨轻便透气情侣鞋休闲运动板鞋399781-01 ZP低帮耐磨轻便透气情侣鞋","61900.00","0","苏宁自营","苏宁","https://product.suning.com/0000000000/12436105201.html","2025-07-06 19:15","product","运动户外"
"https://imgservice3.suning.cn/uimg1/b2c/image/wXtsUHwjJZ1UnDhLfwqZvw.jpg_400w_400h_4e","彪马(PUMA)男鞋女鞋新款时尚潮流运动鞋健身训练跑步舒适休闲鞋400485-01 ZP时尚潮流运动鞋","48900.00","0","苏宁自营","苏宁","https://product.suning.com/0000000000/12436105800.html","2025-07-06 19:15","product","运动户外"
"https://imgservice2.suning.cn/uimg1/b2c/image/nusPM4VEfYtjxWq9MmCkXQ.jpg_400w_400h_4e","彪马(PUMA)男鞋女鞋新款板鞋户外出行休闲鞋低帮平底鞋运动板鞋400486-01 ZP低帮平底鞋运动板鞋","57900.00","0","苏宁自营","苏宁","https://product.suning.com/0000000000/12436106720.html","2025-07-06 19:15","product","运动户外"
"https://imgservice2.suning.cn/uimg1/b2c/image/ewxJTUVxutZMrjgtHLnfXA.jpg_400w_400h_4e","彪马(PUMA)男鞋女鞋新款运动鞋舒适透气时尚休闲板鞋400807-01 ZP舒适透气时尚休闲板鞋","56900.00","0","苏宁自营","苏宁","https://product.suning.com/0000000000/12436107109.html","2025-07-06 19:15","product","运动户外"
"https://imgservice1.suning.cn/uimg1/b2c/image/509JdwlVDi8SdHxHbb32-Q.jpg_400w_400h_4e","彪马(PUMA)男鞋女鞋新款运动鞋时尚简约轻便舒适透气低帮休闲鞋373117-01 ZP时尚简约轻便舒适透气低帮休闲鞋","42900.00","0","苏宁自营","苏宁","https://product.suning.com/0000000000/12436107393.html","2025-07-06 19:15","product","运动户外"
"https://imgservice2.suning.cn/uimg1/b2c/image/j61hUg6mO2tY7dzytXLqzw.jpg_400w_400h_4e","彪马(PUMA)男鞋女鞋新款网面低帮户外运动鞋情侣休闲鞋 380435-01 ZP网面低帮户外运动鞋情侣休闲鞋","40900.00","0","苏宁自营","苏宁","https://product.suning.com/0000000000/12436109870.html","2025-07-06 19:15","product","运动户外"
"https://imgservice3.suning.cn/uimg1/b2c/image/GrTTSYWa4TMueyk3pXhtig.jpg_400w_400h_4e","彪马(PUMA)男鞋女鞋新款潮流复古简约情侣款中性耐磨撞色休闲鞋 383037-05 ZP潮流复古简约休闲鞋","40900.00","0","苏宁自营","苏宁","https://product.suning.com/0000000000/12436110140.html","2025-07-06 19:15","product","服装鞋帽"
"https://imgservice1.suning.cn/uimg1/b2c/image/fx1RxoiGizQv_-e9gY2SZQ.jpg_400w_400h_4e","彪马(PUMA)休闲鞋男女新款时尚撞色拼接运动鞋轻便户外休闲鞋 384857-01 ZP时尚撞色拼接运动鞋","36900.00","0","苏宁自营","苏宁","https://product.suning.com/0000000000/12436110735.html","2025-07-06 19:15","product","运动户外"
"https://imgservice5.suning.cn/uimg1/b2c/image/3CqYFxymDXGwaxevaAYqRQ.jpg_400w_400h_4e","彪马(PUMA)男鞋女鞋 新款运动鞋跑步健身训练网眼透气时尚休闲鞋385669-02 ZP练网眼透气时尚休闲鞋","42900.00","0","苏宁自营","苏宁","https://product.suning.com/0000000000/12436114545.html","2025-07-06 19:15","product","运动户外"
"https://imgservice3.suning.cn/uimg1/b2c/image/8zvD0iys4f9pPT1ilev7-Q.jpg_400w_400h_4e","彪马(PUMA)男鞋女鞋 新款情侣运动鞋轻便耐磨低帮复古慢跑鞋潮流时尚休闲鞋392724-16 ZP轻便耐磨低帮复古慢跑鞋潮流时尚休闲鞋","58900.00","0","苏宁自营","苏宁","https://product.suning.com/0000000000/12436115484.html","2025-07-06 19:15","product","运动户外"
"https://imgservice4.suning.cn/uimg1/b2c/image/wWWDBVtgN6nbM1FKE6oW0A.jpg_400w_400h_4e","PUMA彪马男女鞋 新款户外运动鞋耐磨轻便透气复古休闲鞋392901-01 ZP耐磨轻便透气复古休闲鞋","42900.00","0","苏宁自营","苏宁","https://product.suning.com/0000000000/12436115958.html","2025-07-06 19:15","product","运动户外"
"https://imgservice5.suning.cn/uimg1/b2c/image/NOfISx8yP8iWpt36G4IGTw.jpg_400w_400h_4e","彪马(PUMA)男鞋女鞋 新款情侣运动鞋轻便耐磨低帮复古潮流时尚休闲鞋392982-02 ZP轻便耐磨低帮复古潮流时尚休闲鞋","58900.00","0","苏宁自营","苏宁","https://product.suning.com/0000000000/12436116545.html","2025-07-06 19:15","product","运动户外"
"https://imgservice4.suning.cn/uimg1/b2c/image/ELGdtOubJuYQDR7LDHZXEw.jpg_400w_400h_4e","彪马(PUMA)男鞋女鞋新款情侣运动鞋经典款轻便缓震休闲鞋393910-09 ZP经典款轻便缓震休闲鞋","36900.00","0","苏宁自营","苏宁","https://product.suning.com/0000000000/12436116587.html","2025-07-06 19:15","product","运动户外"
"https://imgservice1.suning.cn/uimg1/b2c/image/Kbf-Msc67E0e9BFZXka78w.jpg_400w_400h_4e","PUMA彪马男女鞋新款时尚潮流低帮鞋休闲鞋板鞋395020-02 ZP时尚潮流低帮鞋休闲鞋板鞋","40900.00","0","苏宁自营","苏宁","https://product.suning.com/0000000000/12436116736.html","2025-07-06 19:15","product","服装鞋帽"
"https://imgservice3.suning.cn/uimg1/b2c/image/F2kNLAv6Z2t__dAbmDKJKA.jpg_400w_400h_4e","彪马(PUMA)男鞋女鞋新款 简约舒适网面透气低帮运动休闲鞋395245-01 ZP简约舒适网面透气低帮运动休闲鞋","34900.00","0","苏宁自营","苏宁","https://product.suning.com/0000000000/12436117026.html","2025-07-06 19:15","product","运动户外"
"https://imgservice1.suning.cn/uimg1/b2c/image/CVtlbVfF9YxlXY87oqxbiA.jpg_400w_400h_4e","彪马(PUMA)男鞋女鞋新款跑步健身训练运动鞋户外时尚舒适耐磨休闲鞋395247-01 ZP户外时尚舒适耐磨休闲鞋","47900.00","0","苏宁自营","苏宁","https://product.suning.com/0000000000/12436117112.html","2025-07-06 19:15","product","运动户外"
"https://imgservice4.suning.cn/uimg1/b2c/image/WnAcjNwFBhzug-sA7ZLIMg.jpg_400w_400h_4e","彪马(PUMA)运动鞋男女鞋新款网面运动鞋耐磨轻便低帮休闲鞋 395235-01 ZP网面运动鞋耐磨轻便低帮休闲鞋","48900.00","0","苏宁自营","苏宁","https://product.suning.com/0000000000/12436120271.html","2025-07-06 19:15","product","运动户外"
"https://imgservice5.suning.cn/uimg1/b2c/image/YybQVTR6u8z01z_zKokbEg.jpg_400w_400h_4e","PUMA彪马男鞋女鞋厚底老爹鞋新款低帮运动鞋复古休闲鞋 395295-01 ZP低帮运动鞋复古休闲鞋","45900.00","0","苏宁自营","苏宁","https://product.suning.com/0000000000/12436120953.html","2025-07-06 19:15","product","运动户外"
"https://imgservice2.suning.cn/uimg1/b2c/image/yTMalYQZvoFti7YzjYe08g.jpg_400w_400h_4e","彪马(PUMA)休闲鞋男鞋女鞋新款运动鞋复古拼接章鱼鞋耐磨情侣低帮板鞋 395875-02 ZP复古拼接章鱼鞋耐磨情侣低帮板鞋","64900.00","0","苏宁自营","苏宁","https://product.suning.com/0000000000/12436121490.html","2025-07-06 19:15","product","运动户外"
"https://imgservice2.suning.cn/uimg1/b2c/image/P1inZVBt8LaNEHVdlOxEKw.jpg_400w_400h_4e","彪马(PUMA)男鞋女鞋新款休闲鞋复古轻便章鱼鞋低帮拼接情侣运动鞋395906-02 ZP复古轻便章鱼鞋低帮拼接情侣运动鞋","66900.00","0","苏宁自营","苏宁","https://product.suning.com/0000000000/12436122387.html","2025-07-06 19:15","product","运动户外"
"https://imgservice4.suning.cn/uimg1/b2c/image/ndrnPXmna6Frs1ytf6fh7w.jpg_400w_400h_4e","彪马(PUMA)男鞋女鞋新款情侣鞋老爹鞋户外运动鞋低帮耐磨休闲鞋 395920-01 ZP户外运动鞋低帮耐磨休闲鞋","53900.00","0","苏宁自营","苏宁","https://product.suning.com/0000000000/12436129642.html","2025-07-06 19:15","product","运动户外"
"https://imgservice5.suning.cn/uimg1/b2c/image/hgEJHLNWf-B7mcnpOLq49w.jpg_400w_400h_4e","彪马(PUMA)男鞋女鞋新款运动鞋舒适透气时尚情侣休闲鞋396149-01 ZP舒适透气时尚情侣休闲鞋","42900.00","0","苏宁自营","苏宁","https://product.suning.com/0000000000/12436131311.html","2025-07-06 19:15","product","运动户外"
"https://imgservice1.suning.cn/uimg1/b2c/image/Logz_9oDj8foJdD9npaCPg.jpg_400w_400h_4e","彪马(PUMA)男女鞋新款低帮复古百搭轻便透气运动休闲鞋396353-09 ZP低帮复古百搭轻便透气运动休闲鞋","44900.00","0","苏宁自营","苏宁","https://product.suning.com/0000000000/12436131987.html","2025-07-06 19:15","product","运动户外"
"https://imgservice2.suning.cn/uimg1/b2c/image/MoYSPbSd8v0SCLRjqyh4LQ.jpg_400w_400h_4e","彪马(PUMA)男鞋女鞋新款户外出行运动鞋拼接网面休闲鞋拼接网面休闲鞋","74900.00","0","苏宁自营","苏宁","https://product.suning.com/0000000000/12436132338.html","2025-07-06 19:15","product","运动户外"
"https://imgservice1.suning.cn/uimg1/b2c/image/EXkFPenOlmn3d5C0cuYk5A.jpg_400w_400h_4e","彪马(PUMA)男鞋女鞋新款帆布鞋户外出行情侣鞋轻便休闲鞋 397265-01 ZP户外出行情侣鞋轻便休闲鞋","43900.00","0","苏宁自营","苏宁","https://product.suning.com/0000000000/12436133238.html","2025-07-06 19:15","product","运动户外"
"https://imgservice1.suning.cn/uimg1/b2c/image/Wt8R7uklHVyZ5mw81vY4Ig.jpg_400w_400h_4e","彪马(PUMA)男鞋女鞋 新款运动鞋拼接网面情侣鞋轻便缓震休闲鞋397377-04 ZP拼接网面情侣鞋轻便缓震休闲鞋","46900.00","0","苏宁自营","苏宁","https://product.suning.com/0000000000/12436137021.html","2025-07-06 19:15","product","运动户外"
"https://imgservice5.suning.cn/uimg1/b2c/image/tYWgJvLJi1HyqV_agRFUUg.jpg_400w_400h_4e","彪马(PUMA)男鞋女鞋新款 舒适透气简约复古低帮运动鞋休闲鞋397432-04 ZP舒适透气简约复古低帮运动鞋","44900.00","0","苏宁自营","苏宁","https://product.suning.com/0000000000/12436138166.html","2025-07-06 19:15","product","运动户外"
"https://imgservice2.suning.cn/uimg1/b2c/image/X0JeBktT1DUhzUXjg_26SQ.jpg_400w_400h_4e","彪马(PUMA)男鞋女鞋新款时尚复古运动鞋潮流拼接轻便耐磨休闲鞋397668-06 ZP时尚复古运动鞋潮流拼接轻便耐磨休闲鞋","53900.00","0","苏宁自营","苏宁","https://product.suning.com/0000000000/12436139975.html","2025-07-06 19:15","product","运动户外"
"https://imgservice4.suning.cn/uimg1/b2c/image/qnLxAmwatsb_dXa1aKQCjg.jpg_400w_400h_4e","彪马(PUMA)运动鞋男女鞋新款休闲防滑减震时尚复古休闲鞋 398164-01 ZP防滑减震时尚复古休闲鞋","69900.00","0","苏宁自营","苏宁","https://product.suning.com/0000000000/12436140183.html","2025-07-06 19:15","product","运动户外"
"https://imgservice2.suning.cn/uimg1/b2c/image/OPmgySww6O2wmiMkDlHRgA.jpg_400w_400h_4e","彪马(PUMA)男鞋女鞋新款运动鞋跑步健身训练舒适透气时尚轻便休闲鞋398196-01 ZP舒适透气时尚轻便休闲鞋","69900.00","0","苏宁自营","苏宁","https://product.suning.com/0000000000/12436141393.html","2025-07-06 19:15","product","运动户外"
"https://imgservice5.suning.cn/uimg1/b2c/image/ap0cpUroKGe4uQM2vBKGDA.jpg_400w_400h_4e","彪马(PUMA)男鞋女鞋新款情侣时尚潮流运动鞋健身跑步舒适透气休闲鞋398202-01 ZP时尚潮流运动鞋健身跑步舒适透气休闲鞋","74900.00","0","苏宁自营","苏宁","https://product.suning.com/0000000000/12436141500.html","2025-07-06 19:15","product","运动户外"
"https://imgservice1.suning.cn/uimg1/b2c/image/jjwJTXGavoo5cFxpfGJcEw.jpg_400w_400h_4e","彪马(PUMA)男鞋女鞋新款运动鞋低帮轻便舒适时尚潮流复古休闲鞋398203-01 ZP低帮轻便舒适时尚潮流复古休闲鞋","74900.00","0","苏宁自营","苏宁","https://product.suning.com/0000000000/12436142313.html","2025-07-06 19:15","product","运动户外"
"https://imgservice2.suning.cn/uimg1/b2c/image/uYcE4n_CFxoXEnMs-59zLg.jpg_400w_400h_4e","彪马(PUMA)男鞋女鞋新款跑步健身训练运动鞋户外时尚舒适耐磨休闲鞋398330-01 ZP户外时尚舒适耐磨休闲鞋","61900.00","0","苏宁自营","苏宁","https://product.suning.com/0000000000/12436142520.html","2025-07-06 19:15","product","运动户外"
"https://imgservice3.suning.cn/uimg1/b2c/image/tPI95FP9fPLgDiHEuMb6QA.jpg_400w_400h_4e","彪马(PUMA)男女鞋新款 时尚复古缓震舒适透气低帮运动鞋休闲鞋399028-01 ZP时尚复古缓震舒适透气运动鞋","59900.00","0","苏宁自营","苏宁","https://product.suning.com/0000000000/12436142735.html","2025-07-06 19:15","product","运动户外"
"https://imgservice2.suning.cn/uimg1/b2c/image/LfQF-CeLNkFAaZ1BkbpKyg.jpg_400w_400h_4e","彪马(PUMA)男鞋女鞋新款轻便户外运动鞋情侣鞋复古休闲鞋399250-01 ZP户外运动鞋情侣鞋复古休闲鞋","42900.00","0","苏宁自营","苏宁","https://product.suning.com/0000000000/12436143153.html","2025-07-06 19:15","product","运动户外"
"https://imgservice4.suning.cn/uimg1/b2c/image/kMSDIZOJNZ_374tF9VKOlw.jpg_400w_400h_4e","彪马(PUMA)男女鞋新款轻便透气舒适运动休闲鞋400829-01 ZP轻便透气舒适运动休闲鞋","59900.00","0","苏宁自营","苏宁","https://product.suning.com/0000000000/12436147551.html","2025-07-06 19:15","product","运动户外"
"https://imgservice5.suning.cn/uimg1/b2c/image/qwR3w8Cq46-ldWKatM4BXQ.jpg_400w_400h_4e","彪马(PUMA)男鞋女鞋新款健身训练运动鞋户外时尚舒适耐磨休闲鞋401440-01 ZP户外时尚舒适耐磨休闲鞋","66900.00","0","苏宁自营","苏宁","https://product.suning.com/0000000000/12436147765.html","2025-07-06 19:15","product","运动户外"
"https://imgservice5.suning.cn/uimg1/b2c/image/2LbwKy4Vi3L6EWoQsjx_AA.jpg_400w_400h_4e","彪马(PUMA)男鞋女鞋新款运动鞋情侣耐磨舒适轻便网面透气休闲鞋309901-01 ZP耐磨舒适轻便网面透气休闲鞋","47900.00","0","苏宁自营","苏宁","https://product.suning.com/0000000000/12436147983.html","2025-07-06 19:15","product","运动户外"
"https://imgservice2.suning.cn/uimg1/b2c/image/3XGyGZss3SS0LWsCmcH1YA.jpg_400w_400h_4e","彪马(PUMA)拖鞋男女鞋新款拖鞋休闲情侣鞋轻便沙滩鞋户外凉拖鞋395420-01 ZP轻便沙滩鞋户外凉拖鞋","17900.00","0","苏宁自营","苏宁","https://product.suning.com/0000000000/12436161291.html","2025-07-06 19:15","product","运动户外"
"https://imgservice3.suning.cn/uimg1/b2c/image/MXLw7mnUkAfWJ830ixX9SQ.jpg_400w_400h_4e","彪马(PUMA)运动鞋女鞋新款休闲鞋舒适透气时尚潮流百搭低帮板鞋 363559-01 ZP舒适透气时尚潮流百搭低帮板鞋","66900.00","0","苏宁自营","苏宁","https://product.suning.com/0000000000/12436165979.html","2025-07-06 19:15","product","运动户外"
"https://imgservice2.suning.cn/uimg1/b2c/image/vdQoxnX-xUGWYBWCTbmbCQ.jpg_400w_400h_4e","彪马(PUMA)女鞋新款板鞋户外出行低帮平底鞋缓震耐磨透气休闲鞋394749-08 ZP缓震耐磨透气休闲鞋","62900.00","0","苏宁自营","苏宁","https://product.suning.com/0000000000/12436166426.html","2025-07-06 19:15","product","运动户外"
"https://imgservice3.suning.cn/uimg1/b2c/image/EV9VeYpEUOSxpdIqy9d25w.jpg_400w_400h_4e","彪马(PUMA)女鞋新款厚底增高休闲鞋耐磨舒适运动鞋户外低帮板鞋 395093-01 ZP耐磨舒适运动鞋户外低帮板鞋","41900.00","0","苏宁自营","苏宁","https://product.suning.com/0000000000/12436166649.html","2025-07-06 19:15","product","运动户外"
"https://imgservice2.suning.cn/uimg1/b2c/image/H-9JAhhzNcAYH4YSQbRQyg.jpg_400w_400h_4e","PUMA彪马女鞋新款复古时尚低帮运动鞋耐磨厚底松糕鞋休闲鞋板鞋397233-01 ZP复古时尚低帮运动鞋耐磨厚底松糕鞋","60900.00","0","苏宁自营","苏宁","https://product.suning.com/0000000000/12436166915.html","2025-07-06 19:15","product","运动户外"
"https://imgservice3.suning.cn/uimg1/b2c/image/dLklV8HrCABzq7f8pczvTg.jpg_400w_400h_4e","彪马(PUMA)彪马女鞋新款低帮耐磨运动休闲鞋板鞋397250-01 ZP低帮耐磨运动休闲鞋板鞋","64900.00","0","苏宁自营","苏宁","https://product.suning.com/0000000000/12436167014.html","2025-07-06 19:15","product","运动户外"
"https://imgservice3.suning.cn/uimg1/b2c/image/qc5iN6zGohmvj4cCHPtfSA.jpg_400w_400h_4e","彪马(PUMA)女鞋新款板鞋低帮透气耐磨休闲鞋户外出行运动板鞋 397567-01 ZP低帮透气耐磨休闲鞋","47900.00","0","苏宁自营","苏宁","https://product.suning.com/0000000000/12436168903.html","2025-07-06 19:15","product","运动户外"
"https://imgservice1.suning.cn/uimg1/b2c/image/YcSxgKquvy31oqyP_KYsfA.jpg_400w_400h_4e","彪马(PUMA)女鞋新款跑步健身训练运动鞋子户外时尚舒适耐磨休闲鞋397727-01 ZP户外时尚舒适耐磨休闲鞋","62900.00","0","苏宁自营","苏宁","https://product.suning.com/0000000000/12436169125.html","2025-07-06 19:15","product","运动户外"
"https://imgservice3.suning.cn/uimg1/b2c/image/SBYg5Jsa4itXJcEOhSpsUg.jpg_400w_400h_4e","彪马(PUMA)女鞋新款板鞋缓震休闲鞋低帮轻便透气平底鞋运动板鞋398527-01 ZP低帮轻便透气平底鞋","66900.00","0","苏宁自营","苏宁","https://product.suning.com/0000000000/12436169752.html","2025-07-06 19:15","product","运动户外"
"https://imgservice1.suning.cn/uimg1/b2c/image/ALIVwocDNL4ylzkz_9dumg.jpg_400w_400h_4e","彪马(PUMA)女鞋新款运动鞋轻便耐磨低帮板鞋舒适时尚潮流休闲鞋399342-01...轻便耐磨低帮板鞋舒适时尚潮流休闲鞋","58900.00","0","苏宁自营","苏宁","https://product.suning.com/0000000000/12436169842.html","2025-07-06 19:15","product","运动户外"
"https://imgservice5.suning.cn/uimg1/b2c/image/lzO543TZSMS3MSJBDb2Z-w.jpg_400w_400h_4e","彪马(PUMA)女鞋新款时尚运动鞋训练健身耐磨透气休闲鞋399699-02 ZP时尚运动鞋训练健身耐磨透气休闲鞋","55900.00","0","苏宁自营","苏宁","https://product.suning.com/0000000000/12436169927.html","2025-07-06 19:15","product","运动户外"
"https://imgservice1.suning.cn/uimg1/b2c/image/Awh07o2-noa1L4sklxJhnQ.jpg_400w_400h_4e","彪马(PUMA)女鞋新款运动鞋潮流时尚轻便复古老爹鞋舒适厚底休闲鞋398674-01 ZP潮流时尚轻便复古老爹鞋","73900.00","0","苏宁自营","苏宁","https://product.suning.com/0000000000/12436170144.html","2025-07-06 19:15","product","运动户外"
"https://imgservice3.suning.cn/uimg1/b2c/image/8D40EEQJR6sJXWVBUeTdtA.jpg_400w_400h_4e","彪马(PUMA)女鞋新款运动鞋时尚百搭低帮舒适休闲鞋398677-01 ZP时尚百搭低帮舒适休闲鞋","50900.00","0","苏宁自营","苏宁","https://product.suning.com/0000000000/12436170559.html","2025-07-06 19:15","product","运动户外"
"https://imgservice2.suning.cn/uimg1/b2c/image/o2ZClxt1berNm_0ZjgmObg.jpg_400w_400h_4e","彪马(PUMA)女鞋新款时尚百搭舒适运动低帮休闲鞋400491-01 ZP时尚百搭舒适运动低帮休闲鞋","74900.00","0","苏宁自营","苏宁","https://product.suning.com/0000000000/12436170635.html","2025-07-06 19:15","product","运动户外"
"https://imgservice5.suning.cn/uimg1/b2c/image/2jVGwb4Dm8T2fDyDSfco_g.jpg_400w_400h_4e","彪马(PUMA)女鞋新款运动鞋日常通勤健身训练时尚休闲鞋 400972-01 ZP健身训练时尚休闲鞋","74900.00","0","苏宁自营","苏宁","https://product.suning.com/0000000000/12436170709.html","2025-07-06 19:15","product","运动户外"
"https://imgservice5.suning.cn/uimg1/b2c/image/HUM8kgzXO07Slqq8ELhc8w.jpg_400w_400h_4e","彪马(PUMA)女鞋 新款运动鞋潮流时尚复古老爹鞋厚底休闲鞋400976-01 ZP潮流时尚复古老爹鞋厚底休闲鞋","74900.00","0","苏宁自营","苏宁","https://product.suning.com/0000000000/12436170717.html","2025-07-06 19:15","product","运动户外"
"https://imgservice1.suning.cn/uimg1/b2c/image/6VVvf1jbKqrdfjc9ZR1DUQ.jpg_400w_400h_4e","彪马(Puma)Puma黑魂版休闲板鞋男鞋舒适软泡沫橡胶底 lace-up本店商品均为海外正品，假一罚十，到货周期4-6周左右！！","99100.00","0","优品海外专营店","苏宁","https://product.suning.com/0070209910/12442077511.html","2025-07-06 19:15","product","服装鞋帽"
"https://imgservice2.suning.cn/uimg1/b2c/image/fkI0uZG1V6QFT5bqfR_7ow.jpg_400w_400h_4e","彪马(Puma)PUMA复古潮流拼接厚底休闲板鞋女鞋时尚舒适增高 sneak本店商品均为海外正品，假一罚十，到货周期4-6周左右！！","175200.00","0","优品海外专营店","苏宁","https://product.suning.com/0070209910/12442077846.html","2025-07-06 19:15","product","服装鞋帽"
"https://imgservice5.suning.cn/uimg1/b2c/image/h317aDqpJLBUM-LSoGyizQ.png_400w_400h_4e","彪马(Puma)SoftrideFrequence男鞋尼龙透气缓震橡胶底休闲板鞋本店商品均为海外正品，假一罚十，到货周期4-6周左右！！","154800.00","0","优品海外专营店","苏宁","https://product.suning.com/0070209910/12442079500.html","2025-07-06 19:15","product","服装鞋帽"
"https://imgservice1.suning.cn/uimg1/b2c/image/5NieD1sFKxcxUdLjeavW6g.jpg_400w_400h_4e","彪马(Puma)儿童白色板鞋休闲鞋轻量透气橡胶底系带运动鞋本店商品均为海外正品，假一罚十，到货周期4-6周左右！！","103200.00","0","优品海外专营店","苏宁","https://product.suning.com/0070209910/12442079539.html","2025-07-06 19:15","product","运动户外"
"https://imgservice3.suning.cn/uimg1/b2c/image/K2Wd82d7acUDHdcuRy9Bag.jpg_400w_400h_4e","彪马(Puma)Puma休闲运动鞋皮革缓震复古潮流板鞋本店商品均为海外正品，假一罚十，到货周期4-6周左右！！","157200.00","0","优品海外专营店","苏宁","https://product.suning.com/0070209910/12442079652.html","2025-07-06 19:15","product","运动户外"
"https://imgservice1.suning.cn/uimg1/b2c/image/aG2oc-oCK4SR3h4us2KRQw.png_400w_400h_4e","彪马(Puma)PUMA男士休闲鞋环保材质拼接撞色板鞋 Rosso_Corsa/Puma_Black 42.5本店商品均为海外正品，假一罚十，到货周期4-6周左右！！","174800.00","0","优品海外专营店","苏宁","https://product.suning.com/0070209910/12442080594.html","2025-07-06 19:15","product","运动户外"
"https://imgservice2.suning.cn/uimg1/b2c/image/nhti9YwYv21JVjtwyELcfQ.jpg_400w_400h_4e","彪马(Puma)复古跑鞋风格休闲板鞋轻质缓震透气耐磨男鞋本店商品均为海外正品，假一罚十，到货周期4-6周左右！！","186000.00","0","优品海外专营店","苏宁","https://product.suning.com/0070209910/12442081001.html","2025-07-06 19:15","product","运动户外"
"https://imgservice4.suning.cn/uimg1/b2c/image/bBplWfYAd7cwKggAZldmDg.jpg_400w_400h_4e","彪马(Puma)PUMA滑板鞋夏季透气舒适男女款凉拖鞋海外直邮 正品保证","86100.00","0","奢品海外专营店","苏宁","https://product.suning.com/0070653458/12442203608.html","2025-07-06 19:15","product","运动户外"
"https://imgservice2.suning.cn/uimg1/b2c/image/Liw065u3BsBQQ85QPmoYrw.jpg_400w_400h_4e","彪马(Puma)PUMA女士复古跑车灵感板鞋休闲鞋时尚色彩拼接防滑耐磨本店商品均为海外正品，假一罚十，到货周期4-6周左右！！","115200.00","0","优品海外专营店","苏宁","https://product.suning.com/0070209910/12442203996.html","2025-07-06 19:15","product","服装鞋帽"
"https://imgservice3.suning.cn/uimg1/b2c/image/32wAxp4tuu9dS5a8QUeVGQ.jpg_400w_400h_4e","彪马(Puma)PUMA男士法拉利CAPro板鞋复古运动街头透气休闲鞋本店商品均为海外正品，假一罚十，到货周期4-6周左右！！","109500.00","0","优品海外专营店","苏宁","https://product.suning.com/0070209910/12442205533.html","2025-07-06 19:15","product","运动户外"
"https://imgservice1.suning.cn/uimg1/b2c/image/gYBC_I1xsrfWIyUONHk8NQ.jpg_400w_400h_4e","彪马(Puma)PUMA女士ContemptDemi休闲鞋轻便舒适百搭板鞋本店商品均为海外正品，假一罚十，到货周期4-6周左右！！","97000.00","0","优品海外专营店","苏宁","https://product.suning.com/0070209910/12442206102.html","2025-07-06 19:15","product","服装鞋帽"
"https://imgservice5.suning.cn/uimg1/b2c/image/sI4CIG1svz5FpFUguuT2xg.jpg_400w_400h_4e","彪马(Puma)PUMA男鞋法拉利潮流性能板鞋透气舒适时尚运动休闲鞋本店商品均为海外正品，假一罚十，到货周期4-6周左右！！","122900.00","0","优品海外专营店","苏宁","https://product.suning.com/0070209910/12442206270.html","2025-07-06 19:15","product","运动户外"
"https://imgservice3.suning.cn/uimg1/b2c/image/UdW9bvl3JU2uOPPNKzvRdg.jpg_400w_400h_4e","彪马(Puma)PUMA男士梅赛德斯AMG宠物龙F1街拍休闲板鞋本店商品均为海外正品，假一罚十，到货周期4-6周左右！！","144000.00","0","优品海外专营店","苏宁","https://product.suning.com/0070209910/12442208664.html","2025-07-06 19:15","product","服装鞋帽"
"https://imgservice3.suning.cn/uimg1/b2c/image/_xv3Pdtf7jR2DlT9x5OO2A.jpg_400w_400h_4e","彪马(Puma)PUMA男款加厚滑板文化休闲板鞋黑绿拼接厚底硫化鞋本店商品均为海外正品，假一罚十，到货周期4-6周左右！！","138000.00","0","优品海外专营店","苏宁","https://product.suning.com/0070209910/12442209792.html","2025-07-06 19:15","product","运动户外"
"https://imgservice4.suning.cn/uimg1/b2c/image/UK2nF2MFZhIrhGKbju38TA.jpg_400w_400h_4e","彪马(Puma)舒适百搭休闲运动鞋女款轻便防滑织物圆头板鞋日常通勤海外直邮 正品保证","134900.00","0","奢品海外专营店","苏宁","https://product.suning.com/0070653458/12442568133.html","2025-07-06 19:15","product","运动户外"
"https://imgservice2.suning.cn/uimg1/b2c/image/CVD4MXx4uqToWfezVMvgOA.png_400w_400h_4e","彪马(Puma)女款运动休闲鞋轻便舒适耐磨橡胶底潮流百搭板鞋海外直邮 正品保证","220100.00","0","奢品海外专营店","苏宁","https://product.suning.com/0070653458/12442569660.html","2025-07-06 19:15","product","运动户外"
"https://imgservice1.suning.cn/uimg1/b2c/image/6Ds12GXGQ-f6UuvOhVKrIg.jpg_400w_400h_4e","彪马(Puma)儿童板鞋休闲鞋白色粉色复古潮流童鞋舒适百搭运动鞋海外直邮 正品保证","118800.00","0","奢品海外专营店","苏宁","https://product.suning.com/0070653458/12442570172.html","2025-07-06 19:15","product","运动户外"
"https://imgservice3.suning.cn/uimg1/b2c/image/qjzT0A8NcWlDvIFaoVHjlg.png_400w_400h_4e","彪马(Puma)男款经典胜利态度板鞋休闲鞋复古运动鞋低帮潮流系带鞋海外直邮 正品保证","164800.00","0","奢品海外专营店","苏宁","https://product.suning.com/0070653458/12442571879.html","2025-07-06 19:15","product","运动户外"
"https://imgservice1.suning.cn/uimg1/b2c/image/UDjGhj7KgEV2ZiTw9v1zHQ.jpg_400w_400h_4e","彪马(Puma)复古潮流休闲板鞋真皮低帮运动鞋男舒适百搭经典硫化鞋海外直邮 正品保证","158000.00","0","奢品海外专营店","苏宁","https://product.suning.com/0070653458/12442574917.html","2025-07-06 19:15","product","运动户外"
"https://imgservice5.suning.cn/uimg1/b2c/image/LpTpe4DGBdLhf0KzLoHHHw.png_400w_400h_4e","彪马(Puma)PUMA男鞋休闲板鞋低帮硫化鞋圆头运动鞋潮牌帆布鞋经典海外直邮 正品保证","143600.00","0","奢品海外专营店","苏宁","https://product.suning.com/0070653458/12442575496.html","2025-07-06 19:15","product","服装鞋帽"
"https://imgservice2.suning.cn/uimg1/b2c/image/gdCfnaXBokgqjQebkrX8NA.jpg_400w_400h_4e","彪马(Puma)男款休闲板鞋轻便缓震圆头系带运动鞋低帮潮牌鞋户外鞋海外直邮 正品保证","161300.00","0","奢品海外专营店","苏宁","https://product.suning.com/0070653458/12442575577.html","2025-07-06 19:15","product","运动户外"
"https://imgservice4.suning.cn/uimg1/b2c/image/b8N0wFrInx718J_oO0vuqg.jpg_400w_400h_4e","彪马(Puma)PUMA男鞋透气缓震休闲运动板鞋户外跑步鞋舒适圆头防滑 Cool_Light_Gray/PUMA_Navy/Fros 40.5正品保障","182500.00","0","SIRIUS海外专营店","苏宁","https://product.suning.com/0071416532/12443208993.html","2025-07-06 19:15","product","运动户外"
"https://imgservice5.suning.cn/uimg1/b2c/image/Z27vD_thfxOJlQxQfbR-2Q.jpg_400w_400h_4e","彪马(Puma)复古经典80年代风格PU皮革休闲运动鞋男潮牌百搭厚底帆正品保障","111000.00","0","SIRIUS海外专营店","苏宁","https://product.suning.com/0071416532/12443209725.html","2025-07-06 19:15","product","运动户外"
"https://imgservice1.suning.cn/uimg1/b2c/image/ZeFuVdzGNpk6VgLXuXr3OQ.jpg_400w_400h_4e","彪马(Puma)环保再生材料经典复刻板鞋男款PUMA Porsche Legacy Pa正品保障","179600.00","0","SIRIUS海外专营店","苏宁","https://product.suning.com/0071416532/12443209745.html","2025-07-06 19:15","product","服装鞋帽"
"https://imgservice2.suning.cn/uimg1/b2c/image/6s7se2clRV9Liq9H64eHaQ.jpg_400w_400h_4e","彪马(Puma)复古潮流板鞋男鞋90s风格oversized加厚 padded休闲运海外直邮 正品保证","96000.00","0","奢品海外专营店","苏宁","https://product.suning.com/0070653458/12443354046.html","2025-07-06 19:15","product","服装鞋帽"
"https://imgservice2.suning.cn/uimg1/b2c/image/1AjYougJ72aVdNeKKefS9g.jpg_400w_400h_4e","彪马(Puma)女士休闲板鞋白色简约百搭橡胶底系带运动鞋保证正品，支持鉴定，海外发货，到货时间4-6周左右！","109200.00","0","soletrader海外旗舰店","苏宁","https://product.suning.com/0071427990/12443702942.html","2025-07-06 19:15","product","运动户外"
"https://imgservice1.suning.cn/uimg1/b2c/image/6fFruyNuXYl-mbhVyp_W_w.jpg_400w_400h_4e","彪马(Puma)经典复刻80年代篮球风复古板鞋男鞋休闲百搭情侣款春夏本店商品均为海外正品，假一罚十，到货周期4-6周左右！！","111000.00","0","hot海外专营店","苏宁","https://product.suning.com/0070207678/12443880127.html","2025-07-06 19:15","product","服装鞋帽"
"https://imgservice5.suning.cn/uimg1/b2c/image/gY_jfhIYz_uwbJY2Ie8zrQ.jpg_400w_400h_4e","彪马(Puma)复古潮流板鞋低帮休闲鞋男鞋舒适缓震环保材料运动鞋秋本店商品均为海外正品，假一罚十，到货周期4-6周左右！！","100000.00","0","优品海外专营店","苏宁","https://product.suning.com/0070209910/12444105185.html","2025-07-06 19:15","product","运动户外"
"https://imgservice2.suning.cn/uimg1/b2c/image/MG2o3G4dDn9RESHF3Qlulg.jpg_400w_400h_4e","彪马(Puma)厚底休闲运动鞋女新款平台鞋复古Puma风格橡胶大底板鞋本店商品均为海外正品，假一罚十，到货周期4-6周左右！！","98900.00","0","优品海外专营店","苏宁","https://product.suning.com/0070209910/12444105575.html","2025-07-06 19:15","product","运动户外"
"https://imgservice4.suning.cn/uimg1/b2c/image/3zORE_tJrJVN4kj2nfXXxw.jpg_400w_400h_4e","彪马(Puma)男款厚底拼接休闲板鞋环保材质Softride舒适运动鞋秋冬本店商品均为海外正品，假一罚十，到货周期4-6周左右！！","98900.00","0","优品海外专营店","苏宁","https://product.suning.com/0070209910/12444106137.html","2025-07-06 19:15","product","服装鞋帽"
"https://imgservice2.suning.cn/uimg1/b2c/image/QfXKxHqqmzliFw3LVxXd7Q.jpg_400w_400h_4e","彪马(Puma)经典复刻款复古篮球气质街头板鞋情侣款休闲鞋白黑撞色海外直邮 正品保证","111000.00","0","奢品海外专营店","苏宁","https://product.suning.com/0070653458/12444144245.html","2025-07-06 19:15","product","服装鞋帽"
"https://imgservice4.suning.cn/uimg1/b2c/image/HDRTOFRyjkXmYUI4QuvePw.jpg_400w_400h_4e","彪马(Puma)男士休闲板鞋复古潮流帆布拼接橡胶底 lace-up运动鞋本店商品均为海外正品，假一罚十，到货周期4-6周左右！！","159600.00","0","优品海外专营店","苏宁","https://product.suning.com/0070209910/12444183062.html","2025-07-06 19:15","product","运动户外"
"https://imgservice4.suning.cn/uimg1/b2c/image/1_jfWImhmR76jxCoy_xCOQ.jpg_400w_400h_4e","彪马(Puma)女士休闲板鞋白色简约百搭橡胶底系带运动小白鞋保证正品，支持鉴定，海外发货，到货时间4-5周左右！","109200.00","0","爱尚海外专营店","苏宁","https://product.suning.com/0070241982/12444345099.html","2025-07-06 19:15","product","运动户外"
"https://imgservice2.suning.cn/uimg1/b2c/image/cBmXrqZNJc5h1F5AQf66jQ.jpg_400w_400h_4e","彪马(Puma)Puma男款板鞋休闲鞋潮流百搭舒适运动鞋保证正品，支持鉴定，海外发货，到货时间4-6周左右！","271000.00","0","soletrader海外旗舰店","苏宁","https://product.suning.com/0071427990/12444432779.html","2025-07-06 19:15","product","服装鞋帽"
"https://imgservice3.suning.cn/uimg1/b2c/image/pBhAzzGp9PxEPNFWjWiPbA.jpg_400w_400h_4e","彪马(Puma)经典网球风PUMA男士低帮运动休闲鞋透气舒适橡胶底多功保证正品，支持鉴定，海外发货，到货时间4-6周左右！","203000.00","0","soletrader海外旗舰店","苏宁","https://product.suning.com/0071427990/12444433586.html","2025-07-06 19:15","product","运动户外"
"https://imgservice2.suning.cn/uimg1/b2c/image/8NYXPN3IeGNLSL52Q-posQ.jpg_400w_400h_4e","彪马(Puma)男款法拉利潮流板鞋运动休闲鞋青春活力百搭配色硫化鞋保证正品，支持鉴定，海外发货，到货时间4-6周左右！","151700.00","0","soletrader海外旗舰店","苏宁","https://product.suning.com/0071427990/12444493599.html","2025-07-06 19:15","product","运动户外"
"https://imgservice1.suning.cn/uimg1/b2c/image/vfpKDTF1MymtPEmB3K48hQ.jpg_400w_400h_4e","彪马(Puma)PUMA男士滑板风格休闲板鞋舒适防滑时尚潮流运动鞋保证正品，支持鉴定，海外发货，到货时间4-6周左右！","122300.00","0","soletrader海外旗舰店","苏宁","https://product.suning.com/0071427990/12444494010.html","2025-07-06 19:15","product","运动户外"
"https://imgservice2.suning.cn/uimg1/b2c/image/u2e1Ll5k__0_M1ytd3D7lA.jpg_400w_400h_4e","彪马(Puma)潮流拼接板鞋男鞋Skepta联名款Puma运动休闲鞋男生 sne保证正品，支持鉴定，海外发货，到货时间4-6周左右！","390200.00","0","soletrader海外旗舰店","苏宁","https://product.suning.com/0071427990/12444494193.html","2025-07-06 19:15","product","服装鞋帽"
"https://imgservice4.suning.cn/uimg1/b2c/image/NvOf_bA8aKDLXjZrfuoE4w.jpg_400w_400h_4e","彪马(Puma)板鞋休闲鞋高性能运动鞋男宝马MMS联名款帅气百搭配色保证正品，支持鉴定，海外发货，到货时间4-6周左右！","118000.00","0","soletrader海外旗舰店","苏宁","https://product.suning.com/0071427990/12444541130.html","2025-07-06 19:15","product","运动户外"
"https://imgservice3.suning.cn/uimg1/b2c/image/KXlaWyBmZz82Tu5u84jUKQ.png_400w_400h_4e","彪马(Puma)PUMA女鞋SoftrideMayve舒适防滑透气休闲运动板鞋保证正品，支持鉴定，海外发货，到货时间4-6周左右！","163500.00","0","soletrader海外旗舰店","苏宁","https://product.suning.com/0071427990/12444541952.html","2025-07-06 19:15","product","运动户外"
"https://imgservice3.suning.cn/uimg1/b2c/image/PyjvGBmZ-Aj3c5nLd6o_pw.png_400w_400h_4e","彪马(Puma)PUMA男士运动休闲板鞋透气缓震跑步鞋低帮潮流百搭鞋保证正品，支持鉴定，海外发货，到货时间4-6周左右！","186100.00","0","soletrader海外旗舰店","苏宁","https://product.suning.com/0071427990/12444541966.html","2025-07-06 19:15","product","运动户外"
"https://imgservice5.suning.cn/uimg1/b2c/image/UMPhk0n8N4SVQ7IQPbSvUQ.jpg_400w_400h_4e","彪马(Puma)男鞋休闲板鞋一脚蹬设计EVA泡沫橡胶拼接运动潮鞋保证正品，支持鉴定，海外发货，到货时间4-6周左右！","305000.00","0","soletrader海外旗舰店","苏宁","https://product.suning.com/0071427990/12444543082.html","2025-07-06 19:15","product","运动户外"
"https://imgservice5.suning.cn/uimg1/b2c/image/HPb8v0sbsFNdZNowlAwdcA.jpg_400w_400h_4e","彪马(Puma)男士运动休闲鞋透气舒适圆头 Lace-up 户外潮流跑鞋保证正品，支持鉴定，海外发货，到货时间4-6周左右！","164600.00","0","soletrader海外旗舰店","苏宁","https://product.suning.com/0071427990/12444543627.html","2025-07-06 19:15","product","运动户外"
"https://imgservice1.suning.cn/uimg1/b2c/image/QFVgivLg3rMxdu6CQ-qnIA.jpg_400w_400h_4e","彪马(Puma)经典复古休闲板鞋男鞋舒适缓震帆布运动鞋 casual trai海外直邮 正品保证","110700.00","0","奢品海外专营店","苏宁","https://product.suning.com/0070653458/12444569730.html","2025-07-06 19:15","product","运动户外"
"https://imgservice2.suning.cn/uimg1/b2c/image/o8t1frqNUsmre4T9FCOT2g.jpg_400w_400h_4e","彪马(Puma)Puma男款SpeedcatLeather板鞋休闲鞋潮流运动鞋经典百海外直邮 正品保证","220400.00","0","奢品海外专营店","苏宁","https://product.suning.com/0070653458/12444570233.html","2025-07-06 19:15","product","运动户外"
"https://imgservice3.suning.cn/uimg1/b2c/image/9U6gU9dOduI3aCn213pLzQ.jpg_400w_400h_4e","彪马(Puma)Puma男款潮流迷彩板鞋休闲鞋百搭运动鞋海外直邮 正品保证","271000.00","0","奢品海外专营店","苏宁","https://product.suning.com/0070653458/12444571277.html","2025-07-06 19:15","product","运动户外"
"https://imgservice3.suning.cn/uimg1/b2c/image/zC1lxQQf48Z8fA1rptCVPQ.jpg_400w_400h_4e","彪马(Puma)经典复刻复古板鞋低帮休闲鞋舒适缓震环保材料男鞋秋冬保证正品，支持鉴定，海外发货，到货时间4-6周左右！","100000.00","0","soletrader海外旗舰店","苏宁","https://product.suning.com/0071427990/12444604451.html","2025-07-06 19:15","product","服装鞋帽"
"https://imgservice3.suning.cn/uimg1/b2c/image/uSz0UU7PetSXLWjxwYgqiw.jpg_400w_400h_4e","彪马(Puma)经典复刻复古网球鞋低帮休闲鞋男鞋环保材质舒适缓震运保证正品，支持鉴定，海外发货，到货时间4-6周左右！","100000.00","0","soletrader海外旗舰店","苏宁","https://product.suning.com/0071427990/12444604460.html","2025-07-06 19:15","product","运动户外"
"https://imgservice4.suning.cn/uimg1/b2c/image/zomv6Cl0gsANkQWPk8wN9A.jpg_400w_400h_4e","彪马(Puma)鱿鱼游戏同款潮流休闲板鞋男百搭撞色运动鞋保证正品，支持鉴定，海外发货，到货时间4-6周左右！","163800.00","0","soletrader海外旗舰店","苏宁","https://product.suning.com/0071427990/12444604878.html","2025-07-06 19:15","product","运动户外"
"https://imgservice5.suning.cn/uimg1/b2c/image/c1P9UrHLBMDOcWEiDi-wig.jpg_400w_400h_4e","彪马(Puma)KARMEN女士休闲板鞋百搭舒适潮流韩版休闲运动鞋 black(black_/_gold_/_white) 40.5保证正品，支持鉴定，海外发货，到货时间4-6周左右！","119400.00","0","soletrader海外旗舰店","苏宁","https://product.suning.com/0071427990/12444805264.html","2025-07-06 19:15","product","运动户外"
"https://imgservice4.suning.cn/uimg1/b2c/image/ERsituMM-ABpNtmXZoe2Kw.jpg_400w_400h_4e","彪马(Puma)男士板鞋休闲鞋百搭舒适运动鞋潮流时尚室内户外鞋保证正品，支持鉴定，海外发货，到货时间4-6周左右！","158000.00","0","soletrader海外旗舰店","苏宁","https://product.suning.com/0071427990/12444805841.html","2025-07-06 19:15","product","运动户外"
"https://imgservice5.suning.cn/uimg1/b2c/image/qRrIvAdOKhy1SESd45Vb9Q.jpg_400w_400h_4e","彪马(Puma)复古潮流PUMA板鞋女鞋80s经典复古老爹鞋休闲运动鞋保证正品，支持鉴定，海外发货，到货时间4-6周左右！","123800.00","0","soletrader海外旗舰店","苏宁","https://product.suning.com/0071427990/12444919406.html","2025-07-06 19:15","product","运动户外"
"https://imgservice4.suning.cn/uimg1/b2c/image/2px0sHi6NJaa1wuFHF_JFw.jpg_400w_400h_4e","彪马(Puma)复古潮流休闲鞋女80s风格舒适减震百搭配件运动板鞋保证正品，支持鉴定，海外发货，到货时间4-6周左右！","141800.00","0","soletrader海外旗舰店","苏宁","https://product.suning.com/0071427990/12444919420.html","2025-07-06 19:15","product","运动户外"
"https://imgservice2.suning.cn/uimg1/b2c/image/-zBKDtNY2dwbMCvix9Xjlg.jpg_400w_400h_4e","彪马(Puma)冬款休闲运动鞋女鞋复古风格保暖镂空魔术贴板鞋保证正品，支持鉴定，海外发货，到货时间4-6周左右！","150500.00","0","soletrader海外旗舰店","苏宁","https://product.suning.com/0071427990/12444920074.html","2025-07-06 19:15","product","运动户外"
"https://imgservice2.suning.cn/uimg1/b2c/image/aXV_7GwqXsLU3EcyXoX6lA.jpg_400w_400h_4e","彪马(Puma)女士休闲鞋舒适百搭运动潮牌板鞋轻便时尚休闲女鞋保证正品，支持鉴定，海外发货，到货时间4-6周左右！","129500.00","0","soletrader海外旗舰店","苏宁","https://product.suning.com/0071427990/12444920126.html","2025-07-06 19:15","product","服装鞋帽"
"https://imgservice2.suning.cn/uimg1/b2c/image/Kp3Yc1RGoWmIGWuyLaQx7A.jpg_400w_400h_4e","彪马(Puma)经典复刻休闲板鞋男鞋舒适潮流百搭复古运动鞋保证正品，支持鉴定，海外发货，到货时间4-6周左右！","121700.00","0","soletrader海外旗舰店","苏宁","https://product.suning.com/0071427990/12444939194.html","2025-07-06 19:15","product","运动户外"
"https://imgservice1.suning.cn/uimg1/b2c/image/TUJFBq0WzIKDqB7Ym0S-4Q.jpg_400w_400h_4e","彪马(Puma)复古老爹鞋女休闲鞋金属光泽舒适百搭运动鞋海外直邮 正品保证","122000.00","0","奢品海外专营店","苏宁","https://product.suning.com/0070653458/12445098723.html","2025-07-06 19:15","product","运动户外"
"https://imgservice4.suning.cn/uimg1/b2c/image/0JQefcEMmnaQ9WCuLSwv4g.jpg_400w_400h_4e","彪马(Puma)儿童板鞋小白鞋潮童鞋休闲运动鞋男童女童系带复古跑鞋本店商品均为海外正品，假一罚十，到货周期4-6周左右！！","119200.00","0","hot海外专营店","苏宁","https://product.suning.com/0070207678/12445104891.html","2025-07-06 19:15","product","运动户外"
"https://imgservice4.suning.cn/uimg1/b2c/image/Eb4YY_keSF7Vr3np_oVDsA.jpg_400w_400h_4e","彪马(Puma)Puma男士板鞋休闲鞋时尚百搭配色运动鞋本店商品均为海外正品，假一罚十，到货周期4-6周左右！！","237000.00","0","hot海外专营店","苏宁","https://product.suning.com/0070207678/12445110628.html","2025-07-06 19:15","product","运动户外"
"https://imgservice4.suning.cn/uimg1/b2c/image/Yqtyiz-T_FN4DFhOy83hfg.jpg_400w_400h_4e","彪马(Puma)Puma女士休闲鞋经典复刻复古板鞋舒适百搭运动鞋本店商品均为海外正品，假一罚十，到货周期4-6周左右！！","123500.00","0","hot海外专营店","苏宁","https://product.suning.com/0070207678/12445113487.html","2025-07-06 19:15","product","运动户外"
"https://imgservice1.suning.cn/uimg1/b2c/image/CWWF27RZAOWp0kC0K3rd2g.jpg_400w_400h_4e","彪马(Puma)Puma女款时尚平台增高板鞋休闲鞋女学生厚底运动鞋保证正品，支持鉴定，海外发货，到货时间4-5周左右！","134500.00","0","爱尚海外专营店","苏宁","https://product.suning.com/0070241982/12445182145.html","2025-07-06 19:15","product","运动户外"
"https://imgservice2.suning.cn/uimg1/b2c/image/jy-yi6YU_vpbFKxnNJeZ0g.jpg_400w_400h_4e","彪马(Puma)板鞋男鞋春季夏季新款休闲鞋男士运动鞋潮鞋黑红撞色合保证正品，支持鉴定，海外发货，到货时间4-5周左右！","89000.00","0","爱尚海外专营店","苏宁","https://product.suning.com/0070241982/12445186084.html","2025-07-06 19:15","product","运动户外"
"https://imgservice3.suning.cn/uimg1/b2c/image/DOGGaeIuGp_Dmlz1QtE46Q.jpg_400w_400h_4e","彪马(Puma)潮流板鞋休闲鞋男鞋春季夏季新款环保材质复古运动鞋本店商品均为海外正品，假一罚十，到货周期4-6周左右！！","104400.00","0","hot海外专营店","苏宁","https://product.suning.com/0070207678/12445281105.html","2025-07-06 19:15","product","运动户外"
"https://imgservice2.suning.cn/uimg1/b2c/image/PmCBcz7HFN138TCwWxjtnw.jpg_400w_400h_4e","彪马(Puma)经典复刻复古板鞋休闲鞋男女同款1980s风格高回弹舒适本店商品均为海外正品，假一罚十，到货周期4-6周左右！！","111000.00","0","hot海外专营店","苏宁","https://product.suning.com/0070207678/12445281139.html","2025-07-06 19:15","product","服装鞋帽"
"https://imgservice1.suning.cn/uimg1/b2c/image/Wed61PwPNnBqbCwFj6o-pA.jpg_400w_400h_4e","彪马(Puma)经典复古板鞋低帮休闲鞋男鞋舒适缓震环保材料网球风格本店商品均为海外正品，假一罚十，到货周期4-6周左右！！","100000.00","0","hot海外专营店","苏宁","https://product.suning.com/0070207678/12445281180.html","2025-07-06 19:15","product","服装鞋帽"
"https://imgservice5.suning.cn/uimg1/b2c/image/w-oXxb0rl1n3g4LbsW9vzQ.jpg_400w_400h_4e","彪马(Puma)复古网球鞋低帮休闲鞋经典款柔软缓震男士运动鞋 Cream_×_Black 44.5本店商品均为海外正品，假一罚十，到货周期4-6周左右！！","100000.00","0","hot海外专营店","苏宁","https://product.suning.com/0070207678/12445281480.html","2025-07-06 19:15","product","运动户外"
"https://imgservice5.suning.cn/uimg1/b2c/image/Zhwrf6VZYUSwqB2dL5DVJQ.jpg_400w_400h_4e","彪马(Puma)小白鞋男潮牌2025春夏新款拼接撞色休闲运动鞋白红撞色本店商品均为海外正品，假一罚十，到货周期4-6周左右！！","86800.00","0","hot海外专营店","苏宁","https://product.suning.com/0070207678/12445281508.html","2025-07-06 19:15","product","运动户外"
"https://imgservice4.suning.cn/uimg1/b2c/image/W9QbTPengc7ppQbAh-a1Wg.jpg_400w_400h_4e","彪马(Puma)男款板鞋休闲鞋春夏新款合成革真皮拼接运动鞋绿边设计本店商品均为海外正品，假一罚十，到货周期4-6周左右！！","89000.00","0","hot海外专营店","苏宁","https://product.suning.com/0070207678/12445281549.html","2025-07-06 19:15","product","运动户外"
"https://imgservice3.suning.cn/uimg1/b2c/image/wtfDGQsKV8iFbhCj7PcDTA.jpg_400w_400h_4e","彪马(Puma)经典复刻潮流板鞋男鞋2023秋冬款休闲运动鞋海军白拼接本店商品均为海外正品，假一罚十，到货周期4-6周左右！！","104400.00","0","hot海外专营店","苏宁","https://product.suning.com/0070207678/12445281588.html","2025-07-06 19:15","product","运动户外"
"https://imgservice5.suning.cn/uimg1/b2c/image/JspLedNRAFYwkyIUIVIobA.jpg_400w_400h_4e","彪马(Puma)Puma男款Speedcat皮革板鞋休闲鞋潮流百搭舒适运动鞋保证正品，支持鉴定，海外发货，到货时间4-5周左右！","221900.00","0","爱尚海外专营店","苏宁","https://product.suning.com/0070241982/12445284374.html","2025-07-06 19:15","product","运动户外"
"https://imgservice5.suning.cn/uimg1/b2c/image/AsH16q4zzeLPd3-kJsreVg.jpg_400w_400h_4e","彪马(Puma)易烊千玺同款潮流板鞋男鞋休闲运动鞋百搭时尚增高新款保证正品，支持鉴定，海外发货，到货时间4-5周左右！","149000.00","0","爱尚海外专营店","苏宁","https://product.suning.com/0070241982/12445285997.html","2025-07-06 19:15","product","运动户外"
"https://imgservice1.suning.cn/uimg1/b2c/image/RFaWg5TO0GjpXqB5pjsH4g.jpg_400w_400h_4e","彪马(Puma)SquidGame同款潮流板鞋男百搭休闲鞋轻便舒适运动鞋保证正品，支持鉴定，海外发货，到货时间4-5周左右！","195500.00","0","爱尚海外专营店","苏宁","https://product.suning.com/0070241982/12445287674.html","2025-07-06 19:15","product","运动户外"
"https://imgservice5.suning.cn/uimg1/b2c/image/0J1mNMeIm0qDlcMXm6ZwwA.jpg_400w_400h_4e","彪马(Puma)PUMA男款MB.04Heem篮球鞋男潮牌针织透气性能实战运动本店商品均为海外正品，假一罚十，到货周期4-6周左右！！","220000.00","0","hot海外专营店","苏宁","https://product.suning.com/0070207678/12445339160.html","2025-07-06 19:15","product","运动户外"
"https://imgservice4.suning.cn/uimg1/b2c/image/LAMUQa1QmVdNMzNVELFa3A.jpg_400w_400h_4e","彪马(Puma)Puma经典麂皮休闲板鞋男鞋舒适百搭潮流运动鞋本店商品均为海外正品，假一罚十，到货周期4-6周左右！！","254200.00","0","hot海外专营店","苏宁","https://product.suning.com/0070207678/12445339183.html","2025-07-06 19:15","product","运动户外"
"https://imgservice4.suning.cn/uimg1/b2c/image/IuNWeElxzCY-m3Oi2xzAYA.jpg_400w_400h_4e","彪马(Puma)传奇联名红发香克斯板鞋男OnePiece帆布休闲鞋潮流百搭本店商品均为海外正品，假一罚十，到货周期4-6周左右！！","194700.00","0","hot海外专营店","苏宁","https://product.suning.com/0070207678/12445339212.html","2025-07-06 19:15","product","服装鞋帽"
"https://imgservice3.suning.cn/uimg1/b2c/image/qAaZfbZ7C5OKXSu0Z2UZ-A.jpg_400w_400h_4e","彪马(Puma)板鞋男鞋舒适耐用潮流百搭休闲运动鞋速腾赛车风格街头本店商品均为海外正品，假一罚十，到货周期4-6周左右！！","186000.00","0","hot海外专营店","苏宁","https://product.suning.com/0070207678/12445339257.html","2025-07-06 19:15","product","运动户外"
"https://imgservice2.suning.cn/uimg1/b2c/image/H4RDAiPZ77CIhuVdk8hmgA.jpg_400w_400h_4e","彪马(Puma)男款休闲板鞋麂皮缓震 lace-up运动鞋经典复古潮流小白本店商品均为海外正品，假一罚十，到货周期4-6周左右！！","122400.00","0","hot海外专营店","苏宁","https://product.suning.com/0070207678/12445339332.html","2025-07-06 19:15","product","运动户外"
"https://imgservice1.suning.cn/uimg1/b2c/image/48xXD9fnI3NfsrJBgrREEA.jpg_400w_400h_4e","彪马(Puma)男款板鞋休闲鞋运动潮牌拼接撞色增高防滑耐磨透气系带本店商品均为海外正品，假一罚十，到货周期4-6周左右！！","254300.00","0","hot海外专营店","苏宁","https://product.suning.com/0070207678/12445419875.html","2025-07-06 19:15","product","运动户外"
"https://imgservice4.suning.cn/uimg1/b2c/image/_vd7oIYtuaVDSuzKrIe2-g.jpg_400w_400h_4e","彪马(Puma)PUMA女款CarinaV20经典复古老爹鞋80s复古风格柔软缓震本店商品均为海外正品，假一罚十，到货周期4-6周左右！！","126900.00","0","hot海外专营店","苏宁","https://product.suning.com/0070207678/12445518983.html","2025-07-06 19:15","product","服装鞋帽"
"https://imgservice5.suning.cn/uimg1/b2c/image/eP1xuvbRP2DRUWDsAlnxeg.jpg_400w_400h_4e","彪马(Puma)PUMA男士休闲板鞋滑入即酷帆布硫化船鞋环保设计舒适厚本店商品均为海外正品，假一罚十，到货周期4-6周左右！！","144100.00","0","hot海外专营店","苏宁","https://product.suning.com/0070207678/12445519297.html","2025-07-06 19:15","product","服装鞋帽"
"https://imgservice4.suning.cn/uimg1/b2c/image/pxO0SsbRV_ZuqHD7ILVLUw.png_400w_400h_4e","彪马(Puma)PUMA联名BMW经典系列男款休闲板鞋纯 suede 加厚鞋舌圆本店商品均为海外正品，假一罚十，到货周期4-6周左右！！","195800.00","0","hot海外专营店","苏宁","https://product.suning.com/0070207678/12445519370.html","2025-07-06 19:15","product","服装鞋帽"
"https://imgservice4.suning.cn/uimg1/b2c/image/myWXn1NtV4Pg91OWFezX0g.png_400w_400h_4e","彪马(Puma)环保再生材质板鞋男休闲鞋经典系带运动鞋麂皮复古跑鞋 Puma_Black 42本店商品均为海外正品，假一罚十，到货周期4-6周左右！！","171500.00","0","hot海外专营店","苏宁","https://product.suning.com/0070207678/12445519376.html","2025-07-06 19:15","product","运动户外"
"https://imgservice4.suning.cn/uimg1/b2c/image/qDfq0RZHcIFuli0ecrn_yA.jpg_400w_400h_4e","彪马(Puma)超轻便时尚休闲板鞋男鞋男女同款PU合成革运动鞋户外潮 Team_Silver/Ocean_Tropic 39本店商品均为海外正品，假一罚十，到货周期4-6周左右！！","173000.00","0","hot海外专营店","苏宁","https://product.suning.com/0070207678/12445519386.html","2025-07-06 19:15","product","运动户外"
"https://imgservice1.suning.cn/uimg1/b2c/image/1klTghmJH7zNjCgEQuTrvw.jpg_400w_400h_4e","彪马(Puma)PUMA女款滑步鞋休闲凉拖舒适缓震百搭夏季运动凉鞋本店商品均为海外正品，假一罚十，到货周期4-6周左右！！","131000.00","0","hot海外专营店","苏宁","https://product.suning.com/0070207678/12445519544.html","2025-07-06 19:15","product","运动户外"
"https://imgservice5.suning.cn/uimg1/b2c/image/kYVhvGRfSp4D_qzV7O48fg.jpg_400w_400h_4e","彪马(Puma)PUMA女鞋休闲板鞋简约百搭圆头帆布胶底运动鞋本店商品均为海外正品，假一罚十，到货周期4-6周左右！！","158000.00","0","hot海外专营店","苏宁","https://product.suning.com/0070207678/12445519570.html","2025-07-06 19:15","product","运动户外"
"https://imgservice3.suning.cn/uimg1/b2c/image/VdbbQBkYGlYoHYaXEVlx_Q.jpg_400w_400h_4e","彪马(Puma)低帮休闲运动鞋男潮牌复古板鞋舒适百搭 lace-up硫化橡本店商品均为海外正品，假一罚十，到货周期4-6周左右！！","131100.00","0","hot海外专营店","苏宁","https://product.suning.com/0070207678/12445519652.html","2025-07-06 19:15","product","运动户外"
"https://imgservice2.suning.cn/uimg1/b2c/image/idN6VNo3wQmpq5v4Ix1oaA.png_400w_400h_4e","彪马(Puma)厚底休闲鞋女新款百搭运动风PU皮平台板鞋耐磨防滑圆头本店商品均为海外正品，假一罚十，到货周期4-6周左右！！","161200.00","0","hot海外专营店","苏宁","https://product.suning.com/0070207678/12445519698.html","2025-07-06 19:15","product","服装鞋帽"
"https://imgservice5.suning.cn/uimg1/b2c/image/26Ky9ALHcgUFmXtB2mSwCg.jpg_400w_400h_4e","彪马(Puma)复古潮流板鞋PU皮革拼接运动休闲鞋经典系带圆头透气舒本店商品均为海外正品，假一罚十，到货周期4-6周左右！！","154300.00","0","hot海外专营店","苏宁","https://product.suning.com/0070207678/12445519791.html","2025-07-06 19:15","product","运动户外"
"https://imgservice1.suning.cn/uimg1/b2c/image/yjU3bCDUMGS6XuHnRCM1xw.jpg_400w_400h_4e","彪马(Puma)复古潮流板鞋男鞋舒适耐穿街头休闲运动鞋本店商品均为海外正品，假一罚十，到货周期4-6周左右！！","203000.00","0","hot海外专营店","苏宁","https://product.suning.com/0070207678/12445520095.html","2025-07-06 19:15","product","运动户外"
"https://imgservice5.suning.cn/uimg1/b2c/image/l3HEm2h6WoD_wf8cP5LxXg.jpg_400w_400h_4e","彪马(Puma)女鞋休闲板鞋厚底 laceup皮革复古小白鞋潮流运动鞋本店商品均为海外正品，假一罚十，到货周期4-6周左右！！","149600.00","0","hot海外专营店","苏宁","https://product.suning.com/0070207678/12445520117.html","2025-07-06 19:15","product","运动户外"
"https://imgservice5.suning.cn/uimg1/b2c/image/iAbrH6LAE8PqxL-jMqdCKQ.png_400w_400h_4e","彪马(Puma)环保材质复古潮流板鞋男鞋经典复刻PUMAPalermoOG透气本店商品均为海外正品，假一罚十，到货周期4-6周左右！！","185000.00","0","hot海外专营店","苏宁","https://product.suning.com/0070207678/12445520138.html","2025-07-06 19:15","product","服装鞋帽"
"https://imgservice4.suning.cn/uimg1/b2c/image/QqS5EXLIkYyi_bpUJAnR5g.jpg_400w_400h_4e","彪马(Puma)环保材质经典复刻PUMA男士板鞋休闲鞋复古足球风格潮鞋本店商品均为海外正品，假一罚十，到货周期4-6周左右！！","179600.00","0","hot海外专营店","苏宁","https://product.suning.com/0070207678/12445520172.html","2025-07-06 19:15","product","服装鞋帽"
"https://imgservice3.suning.cn/uimg1/b2c/image/5RZrK0Nyqh44Yep6lnYXvw.png_400w_400h_4e","彪马(Puma)经典复刻麂皮增高板鞋男鞋舒适百搭休闲运动鞋本店商品均为海外正品，假一罚十，到货周期4-6周左右！！","100500.00","0","hot海外专营店","苏宁","https://product.suning.com/0070207678/12445520220.html","2025-07-06 19:15","product","运动户外"
"https://imgservice2.suning.cn/uimg1/b2c/image/0ZPyBFCADp9k7ncDJ4lx_A.jpg_400w_400h_4e","彪马(Puma)轻便透气弹力交叉带一脚蹬休闲板鞋女款舒适运动鞋本店商品均为海外正品，假一罚十，到货周期4-6周左右！！","118500.00","0","hot海外专营店","苏宁","https://product.suning.com/0070207678/12445520290.html","2025-07-06 19:15","product","运动户外"
"https://imgservice4.suning.cn/uimg1/b2c/image/eoS-wOfPoQ85_f8PZwwLrA.jpg_400w_400h_4e","彪马(Puma)儿童板鞋休闲鞋PUMA经典系带撞色拼接运动鞋男童女童春本店商品均为海外正品，假一罚十，到货周期4-6周左右！！","101000.00","0","hot海外专营店","苏宁","https://product.suning.com/0070207678/12445520682.html","2025-07-06 19:15","product","运动户外"
"https://imgservice3.suning.cn/uimg1/b2c/image/rQgYfSDs_DfhbGrHpiFWVA.jpg_400w_400h_4e","彪马(Puma)儿童板鞋透气舒适休闲运动鞋黑白经典系带款小孩鞋子本店商品均为海外正品，假一罚十，到货周期4-6周左右！！","117700.00","0","hot海外专营店","苏宁","https://product.suning.com/0070207678/12445520717.html","2025-07-06 19:15","product","运动户外"
"https://imgservice3.suning.cn/uimg1/b2c/image/oBIr0AK8eVRfvRkr4AvwgA.jpg_400w_400h_4e","彪马(Puma)女士皮革板鞋休闲鞋白色复古舒适运动鞋潮流百搭配件本店商品均为海外正品，假一罚十，到货周期4-6周左右！！","121300.00","0","hot海外专营店","苏宁","https://product.suning.com/0070207678/12445520729.html","2025-07-06 19:15","product","服装鞋帽"
"https://imgservice2.suning.cn/uimg1/b2c/image/M3fZGqU2MD8gUf-i00kdHA.jpg_400w_400h_4e","彪马(Puma)女鞋休闲运动板鞋真皮透气舒适百搭经典款低帮 lace-up White 37本店商品均为海外正品，假一罚十，到货周期4-6周左右！！","109500.00","0","hot海外专营店","苏宁","https://product.suning.com/0070207678/12445520770.html","2025-07-06 19:15","product","运动户外"
"https://imgservice1.suning.cn/uimg1/b2c/image/xG5w3w8InG7R3XXPg-ljJw.jpg_400w_400h_4e","彪马(Puma)女鞋白色皮革 lace-up休闲板鞋时尚舒适经典款运动鞋本店商品均为海外正品，假一罚十，到货周期4-6周左右！！","107000.00","0","hot海外专营店","苏宁","https://product.suning.com/0070207678/12445520806.html","2025-07-06 19:15","product","运动户外"
"https://imgservice1.suning.cn/uimg1/b2c/image/n3pXYWRJLj8fmlQmZWemjQ.jpg_400w_400h_4e","彪马(Puma)男士休闲板鞋潮流百搭真皮镂空透气运动鞋本店商品均为海外正品，假一罚十，到货周期4-6周左右！！","127000.00","0","hot海外专营店","苏宁","https://product.suning.com/0070207678/12445520812.html","2025-07-06 19:15","product","运动户外"
"https://imgservice1.suning.cn/uimg1/b2c/image/Mchz9MXBlRjVqRV88sUVlg.jpg_400w_400h_4e","彪马(Puma)经典复刻休闲板鞋男鞋舒适百搭橡胶底系带运动鞋本店商品均为海外正品，假一罚十，到货周期4-6周左右！！","108100.00","0","hot海外专营店","苏宁","https://product.suning.com/0070207678/12445520823.html","2025-07-06 19:15","product","运动户外"
"https://imgservice1.suning.cn/uimg1/b2c/image/JuChS502kUQ5QzYXbu0yUw.jpg_400w_400h_4e","彪马(Puma)经典复刻真皮板鞋休闲运动鞋男舒适缓震 lace-up低帮硫 White 42本店商品均为海外正品，假一罚十，到货周期4-6周左右！！","108900.00","0","hot海外专营店","苏宁","https://product.suning.com/0070207678/12445520830.html","2025-07-06 19:15","product","运动户外"
"https://imgservice1.suning.cn/uimg1/b2c/image/PWyGeqwVNaiL7v7m-rsrlw.jpg_400w_400h_4e","彪马(Puma)经典复古板鞋女鞋休闲运动鞋真皮镂空拼接撞色系带潮鞋 Black 36本店商品均为海外正品，假一罚十，到货周期4-6周左右！！","82400.00","0","hot海外专营店","苏宁","https://product.suning.com/0070207678/12445520840.html","2025-07-06 19:15","product","运动户外"
"https://imgservice1.suning.cn/uimg1/b2c/image/sU9c7Z6tTf2NSVIdCkExjA.jpg_400w_400h_4e","彪马(Puma)经典复古板鞋男鞋 lace-up透气橡胶底休闲运动鞋本店商品均为海外正品，假一罚十，到货周期4-6周左右！！","108600.00","0","hot海外专营店","苏宁","https://product.suning.com/0070207678/12445520848.html","2025-07-06 19:15","product","运动户外"
"https://imgservice1.suning.cn/uimg1/b2c/image/J8hw84dEctKXC4eBePi9JA.png_400w_400h_4e","彪马(Puma)PUMA女款复古老爹鞋休闲板鞋舒适圆头橡胶底运动鞋本店商品均为海外正品，假一罚十，到货周期4-6周左右！！","148600.00","0","hot海外专营店","苏宁","https://product.suning.com/0070207678/12445521179.html","2025-07-06 19:15","product","运动户外"
"https://imgservice1.suning.cn/uimg1/b2c/image/hY7bE0teu05PomCxuOufOg.jpg_400w_400h_4e","彪马(Puma)PUMA女鞋休闲板鞋轻便舒适透气运动鞋潮流百搭小白鞋本店商品均为海外正品，假一罚十，到货周期4-6周左右！！","170900.00","0","hot海外专营店","苏宁","https://product.suning.com/0070207678/12445521192.html","2025-07-06 19:15","product","运动户外"
"https://imgservice4.suning.cn/uimg1/b2c/image/wvIsWvicTd6zij7-ad-tcw.jpg_400w_400h_4e","彪马(Puma)PUMA潮流板鞋男鞋休闲鞋哈利波特联名款复古运动鞋本店商品均为海外正品，假一罚十，到货周期4-6周左右！！","212400.00","0","hot海外专营店","苏宁","https://product.suning.com/0070207678/12445521283.html","2025-07-06 19:15","product","运动户外"
"https://imgservice4.suning.cn/uimg1/b2c/image/9zn0HAl9HUHSVhLkoRXg0w.jpg_400w_400h_4e","彪马(Puma)PUMA男士休闲板鞋低帮经典硫化鞋复古潮流运动鞋本店商品均为海外正品，假一罚十，到货周期4-6周左右！！","169800.00","0","hot海外专营店","苏宁","https://product.suning.com/0070207678/12445521313.html","2025-07-06 19:15","product","运动户外"
"https://imgservice3.suning.cn/uimg1/b2c/image/_PslTxgJaql06FXnpPQ0-A.png_400w_400h_4e","彪马(Puma)PUMA男士休闲板鞋经典圆头系带皮革运动鞋户外潮牌正品本店商品均为海外正品，假一罚十，到货周期4-6周左右！！","158000.00","0","hot海外专营店","苏宁","https://product.suning.com/0070207678/12445521346.html","2025-07-06 19:15","product","运动户外"
"https://imgservice3.suning.cn/uimg1/b2c/image/PJP_iAmhYCqYX_fI6nBOYA.jpg_400w_400h_4e","彪马(Puma)PUMA男鞋休闲板鞋经典麂皮低帮运动鞋圆头系带舒适潮鞋 Warm_White/Puma_Black/Icy_Blue 42本店商品均为海外正品，假一罚十，到货周期4-6周左右！！","150800.00","0","hot海外专营店","苏宁","https://product.suning.com/0070207678/12445521350.html","2025-07-06 19:15","product","运动户外"
"https://imgservice3.suning.cn/uimg1/b2c/image/ZrtE8cHJfJxQfWppmAxSDQ.png_400w_400h_4e","彪马(Puma)低帮休闲鞋男鞋复古潮流拼接设计环保材料运动鞋本店商品均为海外正品，假一罚十，到货周期4-6周左右！！","164800.00","0","hot海外专营店","苏宁","https://product.suning.com/0070207678/12445521356.html","2025-07-06 19:15","product","运动户外"
"https://imgservice2.suning.cn/uimg1/b2c/image/JwUa8R_X-jl2XaW0PH9StQ.png_400w_400h_4e","彪马(Puma)女鞋休闲板鞋潮流百搭皮革拼接网布圆头运动鞋本店商品均为海外正品，假一罚十，到货周期4-6周左右！！","122000.00","0","hot海外专营店","苏宁","https://product.suning.com/0070207678/12445521376.html","2025-07-06 19:15","product","运动户外"
"https://imgservice2.suning.cn/uimg1/b2c/image/WuM_5x2Cvz7qwi7lWrsT-A.jpg_400w_400h_4e","彪马(Puma)环保再生材料复古拼接板鞋男休闲运动鞋潮硫化鞋低帮增本店商品均为海外正品，假一罚十，到货周期4-6周左右！！","123800.00","0","hot海外专营店","苏宁","https://product.suning.com/0070207678/12445521426.html","2025-07-06 19:15","product","运动户外"
"https://imgservice1.suning.cn/uimg1/b2c/image/INwBwE3GcTz1CXi0FuHbSA.jpg_400w_400h_4e","彪马(Puma)男款板鞋休闲鞋潮流拼接低帮运动鞋赛车元素街头风 sne本店商品均为海外正品，假一罚十，到货周期4-6周左右！！","195800.00","0","hot海外专营店","苏宁","https://product.suning.com/0070207678/12445521469.html","2025-07-06 19:15","product","运动户外"
"https://imgservice5.suning.cn/uimg1/b2c/image/8OwIv45qAUrDBXgRTVhdKA.jpg_400w_400h_4e","彪马(Puma)男鞋休闲板鞋多色拼接镂空网布运动鞋低帮潮流百搭配色本店商品均为海外正品，假一罚十，到货周期4-6周左右！！","185000.00","0","hot海外专营店","苏宁","https://product.suning.com/0070207678/12445521487.html","2025-07-06 19:15","product","服装鞋帽"
"https://imgservice4.suning.cn/uimg1/b2c/image/IlI5eeJTa-wZP5Tt2xlMCA.jpg_400w_400h_4e","彪马(Puma)运动潮流圆头系带帆布板鞋男低帮休闲鞋户外百搭配件本店商品均为海外正品，假一罚十，到货周期4-6周左右！！","149400.00","0","hot海外专营店","苏宁","https://product.suning.com/0070207678/12445521531.html","2025-07-06 19:15","product","运动户外"
"https://imgservice2.suning.cn/uimg1/b2c/image/qnU3D2tLegPfBr9IWPh6GQ.jpg_400w_400h_4e","彪马(Puma)高帮帆布复古板鞋女鞋真皮运动鞋慵懒风潮舒适百搭休闲本店商品均为海外正品，假一罚十，到货周期4-6周左右！！","171700.00","0","hot海外专营店","苏宁","https://product.suning.com/0070207678/12445521636.html","2025-07-06 19:15","product","服装鞋帽"
"https://imgservice1.suning.cn/uimg1/b2c/image/Bb8mYvJ24zw7Bfw6YbxuSA.jpg_400w_400h_4e","彪马(Puma)复古潮流板鞋男鞋PUMA休闲运动鞋90年代篮球风格情侣款本店商品均为海外正品，假一罚十，到货周期4-6周左右！！","136400.00","0","hot海外专营店","苏宁","https://product.suning.com/0070207678/12445521933.html","2025-07-06 19:15","product","服装鞋帽"
"https://imgservice5.suning.cn/uimg1/b2c/image/eLJAgkAC3bJT5BTKB_-oJQ.jpg_400w_400h_4e","彪马(Puma)男款休闲运动鞋黑色复古风格网面透气防滑板鞋本店商品均为海外正品，假一罚十，到货周期4-6周左右！！","131000.00","0","hot海外专营店","苏宁","https://product.suning.com/0070207678/12445521992.html","2025-07-06 19:15","product","运动户外"
"https://imgservice3.suning.cn/uimg1/b2c/image/XdpprABDn0K1Rdf7n6NQvw.jpg_400w_400h_4e","彪马(Puma)PUMA休闲板鞋女鞋轻便舒适复古街头时尚百搭运动鞋本店商品均为海外正品，假一罚十，到货周期4-6周左右！！","135100.00","0","hot海外专营店","苏宁","https://product.suning.com/0070207678/12445581812.html","2025-07-06 19:15","product","运动户外"
"https://imgservice2.suning.cn/uimg1/b2c/image/H9JKU5HeR3g4V24_TTtErw.jpg_400w_400h_4e","彪马(Puma)PUMA休闲鞋女鞋真皮板鞋轻便舒适潮流百搭运动休闲鞋本店商品均为海外正品，假一罚十，到货周期4-6周左右！！","135600.00","0","hot海外专营店","苏宁","https://product.suning.com/0070207678/12445581846.html","2025-07-06 19:15","product","运动户外"
"https://imgservice1.suning.cn/uimg1/b2c/image/EwpSwvcVgENA8IKj1f2tAA.jpg_400w_400h_4e","彪马(Puma)PUMA女鞋休闲板鞋街头风尚厚底皮革拼接运动鞋本店商品均为海外正品，假一罚十，到货周期4-6周左右！！","152200.00","0","hot海外专营店","苏宁","https://product.suning.com/0070207678/12445581901.html","2025-07-06 19:15","product","运动户外"
"https://imgservice5.suning.cn/uimg1/b2c/image/5ZIIUpflMzmIOtdjkNIzsg.jpg_400w_400h_4e","彪马(Puma)复古潮流拼接板鞋女鞋时尚百搭舒适休闲运动鞋本店商品均为海外正品，假一罚十，到货周期4-6周左右！！","203000.00","0","hot海外专营店","苏宁","https://product.suning.com/0070207678/12445581925.html","2025-07-06 19:15","product","运动户外"
"https://imgservice4.suning.cn/uimg1/b2c/image/zukmd_cKc-9R51bMfo2Dhg.jpg_400w_400h_4e","彪马(Puma)经典复刻加厚 padded 胶囊鞋底复古板鞋女鞋潮流街头百本店商品均为海外正品，假一罚十，到货周期4-6周左右！！","143600.00","0","hot海外专营店","苏宁","https://product.suning.com/0070207678/12445581981.html","2025-07-06 19:15","product","服装鞋帽"
"https://imgservice1.suning.cn/uimg1/b2c/image/s9q25sac-UxrLm1AJaQQ2A.jpg_400w_400h_4e","彪马(Puma)金属感芭蕾风尚PU马SpeedcatBallet休闲板鞋女鞋轻便舒 Silver_Metallic/White 38.5本店商品均为海外正品，假一罚十，到货周期4-6周左右！！","186500.00","0","hot海外专营店","苏宁","https://product.suning.com/0070207678/12445582023.html","2025-07-06 19:15","product","服装鞋帽"
"https://imgservice2.suning.cn/uimg1/b2c/image/N1UOXwupbdbPqw14Kk5JHg.jpg_400w_400h_4e","彪马(Puma)女鞋Speedcat低帮休闲鞋街头潮流运动鞋麂皮拼接百搭板本店商品均为海外正品，假一罚十，到货周期4-6周左右！！","237100.00","0","hot海外专营店","苏宁","https://product.suning.com/0070207678/12445582448.html","2025-07-06 19:15","product","运动户外"
"https://imgservice2.suning.cn/uimg1/b2c/image/lty4voE34eMRtZp8lwRZcw.jpg_400w_400h_4e","彪马(Puma)纯黑色休闲板鞋男款复古潮流运动鞋户外百搭硫化鞋 Black 40.5本店商品均为海外正品，假一罚十，到货周期4-6周左右！！","127300.00","0","hot海外专营店","苏宁","https://product.suning.com/0070207678/12445582470.html","2025-07-06 19:15","product","运动户外"
"https://imgservice1.suning.cn/uimg1/b2c/image/D06UyZ5eXofBq428VGI3gg.jpg_400w_400h_4e","彪马(Puma)女鞋PUMA休闲板鞋合成皮革复古运动鞋街头百搭舒适潮牌海外直邮 正品保证","135200.00","0","奢品海外专营店","苏宁","https://product.suning.com/0070653458/12445635074.html","2025-07-06 19:15","product","运动户外"
"https://imgservice1.suning.cn/uimg1/b2c/image/bTDN-h3zV6WiagrzKpP-Qg.jpg_400w_400h_4e","彪马(Puma)女鞋复古增高板鞋休闲运动鞋街头潮流厚底麂皮加厚鞋垫海外直邮 正品保证","143600.00","0","奢品海外专营店","苏宁","https://product.suning.com/0070653458/12445635088.html","2025-07-06 19:15","product","运动户外"
"https://imgservice2.suning.cn/uimg1/b2c/image/DaYTXWW1qajqb9YTHNVpSQ.jpg_400w_400h_4e","彪马(Puma)经典复刻款复古篮球风情侣休闲板鞋白色撞色百搭潮鞋夏海外直邮 正品保证","111000.00","0","奢品海外专营店","苏宁","https://product.suning.com/0070653458/12445635281.html","2025-07-06 19:15","product","服装鞋帽"
"https://imgservice4.suning.cn/uimg1/b2c/image/rxPS7b8iK00GnT-y-BH74g.jpg_400w_400h_4e","彪马(Puma)男士板鞋时尚休闲环保材料潮流设计舒适耐磨运动鞋保证正品，支持鉴定，海外发货，到货时间4-6周左右！","100100.00","0","soletrader海外旗舰店","苏宁","https://product.suning.com/0071427990/12445769926.html","2025-07-06 19:15","product","运动户外"
"https://imgservice4.suning.cn/uimg1/b2c/image/KeoNVGVcJASvbmourtn-rQ.jpg_400w_400h_4e","彪马(Puma)男士休闲板鞋时尚简约舒适绒面低帮运动鞋透气耐磨保证正品，支持鉴定，海外发货，到货时间4-6周左右！","112300.00","0","soletrader海外旗舰店","苏宁","https://product.suning.com/0071427990/12445887972.html","2025-07-06 19:15","product","运动户外"
"https://imgservice4.suning.cn/uimg1/b2c/image/2hQSWBHTu9-cQp7Wd_4FCw.jpg_400w_400h_4e","彪马(Puma)低帮休闲鞋透气舒适篮球风复古板鞋男鞋潮流百搭运动鞋本店商品均为海外正品，假一罚十，到货周期4-6周左右！！","150400.00","0","hot海外专营店","苏宁","https://product.suning.com/0070207678/12446003689.html","2025-07-06 19:15","product","运动户外"
"https://imgservice3.suning.cn/uimg1/b2c/image/FL1WWFQxrHFui07u6UUTmw.jpg_400w_400h_4e","彪马(Puma)复古老爹鞋潮流拼色真皮休闲板鞋透气舒适运动鞋本店商品均为海外正品，假一罚十，到货周期4-6周左右！！","152000.00","0","hot海外专营店","苏宁","https://product.suning.com/0070207678/12446003719.html","2025-07-06 19:15","product","运动户外"
"https://imgservice2.suning.cn/uimg1/b2c/image/dH24gy-ej7t70htSMYxmvA.jpg_400w_400h_4e","彪马(Puma)复古跑鞋男鞋2000s潮流拼接透气运动休闲板鞋街头厚底本店商品均为海外正品，假一罚十，到货周期4-6周左右！！","220100.00","0","hot海外专营店","苏宁","https://product.suning.com/0070207678/12446003756.html","2025-07-06 19:15","product","运动户外"
"https://imgservice2.suning.cn/uimg1/b2c/image/MRKpRf4Gn8y2yQcQT8QOdg.jpg_400w_400h_4e","彪马(Puma)撞色潮流板鞋休闲运动鞋男皮质减震舒适百搭街头经典硫本店商品均为海外正品，假一罚十，到货周期4-6周左右！！","153100.00","0","hot海外专营店","苏宁","https://product.suning.com/0070207678/12446003770.html","2025-07-06 19:15","product","运动户外"
"https://imgservice2.suning.cn/uimg1/b2c/image/Se5fHNUR2S7i0QC8z_KxxA.jpg_400w_400h_4e","彪马(Puma)潮流复古拼接连帽厚底板鞋男童鞋舒适增高防滑耐磨休闲本店商品均为海外正品，假一罚十，到货周期4-6周左右！！","211700.00","0","hot海外专营店","苏宁","https://product.suning.com/0070207678/12446003773.html","2025-07-06 19:15","product","服装鞋帽"
"https://imgservice2.suning.cn/uimg1/b2c/image/2xl724_mPZvtaItYv9Cu_w.jpg_400w_400h_4e","彪马(Puma)经典皮革休闲板鞋女鞋百搭时尚舒适运动鞋日常通勤鞋 Black/White 40本店商品均为海外正品，假一罚十，到货周期4-6周左右！！","152300.00","0","hot海外专营店","苏宁","https://product.suning.com/0070207678/12446003784.html","2025-07-06 19:15","product","服装鞋帽"
"https://imgservice3.suning.cn/uimg1/b2c/image/RSsM0-R3KzcMXJgS4ZbeVA.jpg_400w_400h_4e","彪马(Puma)Puma男士休闲板鞋轻便潮流百搭运动鞋本店商品均为海外正品，假一罚十，到货周期4-6周左右！！","271200.00","0","hot海外专营店","苏宁","https://product.suning.com/0070207678/12446003977.html","2025-07-06 19:15","product","运动户外"
"https://imgservice3.suning.cn/uimg1/b2c/image/XWK74mqhQWrUFCTtZvvSiQ.jpg_400w_400h_4e","彪马(Puma)机能潮流板鞋男鞋舒适缓震休闲运动鞋城市街头百搭配色本店商品均为海外正品，假一罚十，到货周期4-6周左右！！","161700.00","0","hot海外专营店","苏宁","https://product.suning.com/0070207678/12446003994.html","2025-07-06 19:15","product","运动户外"
"https://imgservice5.suning.cn/uimg1/b2c/image/O57oPlbKmnQ4h2wnZVTBJQ.jpg_400w_400h_4e","彪马(Puma)潮流复古板鞋男鞋加厚鞋底舒适增高休闲运动鞋本店商品均为海外正品，假一罚十，到货周期4-6周左右！！","152100.00","0","hot海外专营店","苏宁","https://product.suning.com/0070207678/12446004001.html","2025-07-06 19:15","product","运动户外"
"https://imgservice5.suning.cn/uimg1/b2c/image/WsFshcOOLoOS2RZ3UDl04A.jpg_400w_400h_4e","彪马(Puma)潮酷篮球风PUMA联名款男士休闲鞋运动潮牌Scooby-Doo板本店商品均为海外正品，假一罚十，到货周期4-6周左右！！","254000.00","0","hot海外专营店","苏宁","https://product.suning.com/0070207678/12446004014.html","2025-07-06 19:15","product","运动户外"
"https://imgservice4.suning.cn/uimg1/b2c/image/OwZNe7KVOzWXspFziC_1jw.jpg_400w_400h_4e","彪马(Puma)男士休闲鞋复古潮流板鞋透气运动鞋街头百搭配色厚底拼本店商品均为海外正品，假一罚十，到货周期4-6周左右！！","169200.00","0","hot海外专营店","苏宁","https://product.suning.com/0070207678/12446004064.html","2025-07-06 19:15","product","运动户外"
"https://imgservice4.suning.cn/uimg1/b2c/image/t6btL1hrS1Ife0TMKJXksQ.jpg_400w_400h_4e","彪马(Puma)男款休闲板鞋时尚透气拼接设计潮流运动鞋本店商品均为海外正品，假一罚十，到货周期4-6周左右！！","220000.00","0","hot海外专营店","苏宁","https://product.suning.com/0070207678/12446004077.html","2025-07-06 19:15","product","运动户外"
"https://imgservice3.suning.cn/uimg1/b2c/image/QX7klOcLRXt-RzqHwzaLCA.jpg_400w_400h_4e","彪马(Puma)经典复刻皮革复古板鞋男鞋休闲运动鞋80年代潮流百搭 s本店商品均为海外正品，假一罚十，到货周期4-6周左右！！","152400.00","0","hot海外专营店","苏宁","https://product.suning.com/0070207678/12446004086.html","2025-07-06 19:15","product","运动户外"
"https://imgservice5.suning.cn/uimg1/b2c/image/eYPnuttsDPDqv0jX-pRWzQ.jpg_400w_400h_4e","彪马(Puma)女士板鞋休闲鞋潮流拼接橡胶底系带运动鞋 Black/Aged_Silver 36本店商品均为海外正品，假一罚十，到货周期4-6周左右！！","96100.00","0","hot海外专营店","苏宁","https://product.suning.com/0070207678/12446004277.html","2025-07-06 19:15","product","运动户外"
"https://imgservice5.suning.cn/uimg1/b2c/image/LSYWEzkYYT--dFwui6oB0Q.jpg_400w_400h_4e","彪马(Puma)女鞋休闲运动鞋百搭舒适时尚简约复古板鞋女硫化鞋增高本店商品均为海外正品，假一罚十，到货周期4-6周左右！！","113400.00","0","hot海外专营店","苏宁","https://product.suning.com/0070207678/12446004279.html","2025-07-06 19:15","product","运动户外"
"https://imgservice4.suning.cn/uimg1/b2c/image/f7KXpFsd8dSHU_kl0OXmtQ.jpg_400w_400h_4e","彪马(Puma)百搭休闲女鞋舒适平台皮质运动鞋潮流百搭休闲板鞋 black(black_/_white) 37.5本店商品均为海外正品，假一罚十，到货周期4-6周左右！！","114500.00","0","hot海外专营店","苏宁","https://product.suning.com/0070207678/12446004302.html","2025-07-06 19:15","product","服装鞋帽"
"https://imgservice4.suning.cn/uimg1/b2c/image/3rPDs7msIGjK5UknoPyixg.jpg_400w_400h_4e","彪马(Puma)闪亮金属感休闲鞋女鞋百搭舒适内增高运动板鞋本店商品均为海外正品，假一罚十，到货周期4-6周左右！！","137000.00","0","hot海外专营店","苏宁","https://product.suning.com/0070207678/12446004304.html","2025-07-06 19:15","product","运动户外"
"https://imgservice2.suning.cn/uimg1/b2c/image/Yi_qKUwzF38pK-xcKp2zFA.jpg_400w_400h_4e","彪马(Puma)PUMA休闲鞋女鞋皮革拼接板鞋百搭舒适潮流运动休闲小白本店商品均为海外正品，假一罚十，到货周期4-6周左右！！","143800.00","0","hot海外专营店","苏宁","https://product.suning.com/0070207678/12446004418.html","2025-07-06 19:15","product","运动户外"
"https://imgservice2.suning.cn/uimg1/b2c/image/ef66VF7mX-mARJp-EKrXvA.jpg_400w_400h_4e","彪马(Puma)PUMA男士休闲板鞋轻便缓震透气运动鞋篮球鞋本店商品均为海外正品，假一罚十，到货周期4-6周左右！！","255300.00","0","hot海外专营店","苏宁","https://product.suning.com/0070207678/12446004433.html","2025-07-06 19:15","product","运动户外"
"https://imgservice2.suning.cn/uimg1/b2c/image/F2QI2zSaa_A2UPX3NQ7FNw.jpg_400w_400h_4e","彪马(Puma)厚底休闲板鞋女春夏季新款Puma风格复古运动鞋平台鞋 Black_×_Brown 39本店商品均为海外正品，假一罚十，到货周期4-6周左右！！","100800.00","0","hot海外专营店","苏宁","https://product.suning.com/0070207678/12446004437.html","2025-07-06 19:15","product","服装鞋帽"
"https://imgservice1.suning.cn/uimg1/b2c/image/hkSYbTA8M_3CQffuEUu4vw.jpg_400w_400h_4e","彪马(Puma)厚底蝴蝶结休闲运动鞋女90年代复古风格百搭配色日常通 Black/Black 38.5本店商品均为海外正品，假一罚十，到货周期4-6周左右！！","160500.00","0","hot海外专营店","苏宁","https://product.suning.com/0070207678/12446004440.html","2025-07-06 19:15","product","运动户外"
"https://imgservice1.suning.cn/uimg1/b2c/image/r3lZgt-M2b0KhuePXk94iQ.png_400w_400h_4e","彪马(Puma)复古运动风女鞋90s拼接加厚底休闲鞋百搭舒适潮流板鞋本店商品均为海外正品，假一罚十，到货周期4-6周左右！！","212000.00","0","hot海外专营店","苏宁","https://product.suning.com/0070207678/12446004442.html","2025-07-06 19:15","product","运动户外"
"https://imgservice1.suning.cn/uimg1/b2c/image/P8WS-kqEP23mI26XgxuShQ.jpg_400w_400h_4e","彪马(Puma)经典复刻潮流板鞋休闲运动鞋男鞋耐用舒适百搭街头风 s本店商品均为海外正品，假一罚十，到货周期4-6周左右！！","152000.00","0","hot海外专营店","苏宁","https://product.suning.com/0070207678/12446004445.html","2025-07-06 19:15","product","运动户外"
"https://imgservice2.suning.cn/uimg1/b2c/image/Q7fu9uyVWzU2aXsfRNo29w.jpg_400w_400h_4e","彪马(Puma)冬日保暖舒适防滑休闲女鞋PUMA潮流加厚松糕底板鞋本店商品均为海外正品，假一罚十，到货周期4-6周左右！！","150600.00","0","hot海外专营店","苏宁","https://product.suning.com/0070207678/12446004672.html","2025-07-06 19:15","product","服装鞋帽"
"https://imgservice1.suning.cn/uimg1/b2c/image/vHBF18G8AD50aH31xBHctg.jpg_400w_400h_4e","彪马(Puma)复古潮流板鞋透气舒适运动休闲鞋本店商品均为海外正品，假一罚十，到货周期4-6周左右！！","203000.00","0","hot海外专营店","苏宁","https://product.suning.com/0070207678/12446004683.html","2025-07-06 19:15","product","运动户外"
"https://imgservice1.suning.cn/uimg1/b2c/image/tktpm7Kpta5t5JWhVhgqrQ.jpg_400w_400h_4e","彪马(Puma)复古老爹鞋男鞋休闲运动鞋复古拼接潮流百搭板鞋本店商品均为海外正品，假一罚十，到货周期4-6周左右！！","203000.00","0","hot海外专营店","苏宁","https://product.suning.com/0070207678/12446004721.html","2025-07-06 19:15","product","运动户外"
"https://imgservice1.suning.cn/uimg1/b2c/image/ssT212vXYyR0jQtLpm0KBg.jpg_400w_400h_4e","彪马(Puma)复古老爹鞋经典篮球风皮革板鞋男潮牌休闲运动鞋本店商品均为海外正品，假一罚十，到货周期4-6周左右！！","127200.00","0","hot海外专营店","苏宁","https://product.suning.com/0070207678/12446004733.html","2025-07-06 19:15","product","运动户外"
"https://imgservice5.suning.cn/uimg1/b2c/image/viT8ymViiEUTnRYx9yQOJA.jpg_400w_400h_4e","彪马(Puma)女款板鞋休闲鞋潮流百搭舒适增高硫化鞋黑面白胶底系带 Black 37本店商品均为海外正品，假一罚十，到货周期4-6周左右！！","113200.00","0","hot海外专营店","苏宁","https://product.suning.com/0070207678/12446004736.html","2025-07-06 19:15","product","服装鞋帽"
"https://imgservice5.suning.cn/uimg1/b2c/image/5v1zbUNXMyoIEDxZ_o3Eww.jpg_400w_400h_4e","彪马(Puma)新年限定板鞋男潮牌运动休闲鞋舒适缓震防滑篮球鞋本店商品均为海外正品，假一罚十，到货周期4-6周左右！！","194500.00","0","hot海外专营店","苏宁","https://product.suning.com/0070207678/12446004738.html","2025-07-06 19:15","product","运动户外"
"https://imgservice5.suning.cn/uimg1/b2c/image/_k9QbNRWcMriuTTNcv1dFw.jpg_400w_400h_4e","彪马(Puma)板鞋休闲鞋太空设计纪念款透气缓震运动潮鞋本店商品均为海外正品，假一罚十，到货周期4-6周左右！！","203000.00","0","hot海外专营店","苏宁","https://product.suning.com/0070207678/12446004747.html","2025-07-06 19:15","product","运动户外"
"https://imgservice5.suning.cn/uimg1/b2c/image/pddxbcFDaLvnS8P3cjsqAA.jpg_400w_400h_4e","彪马(Puma)潮流复古板鞋男鞋PUMA联名Ghostbusters系列休闲运动鞋本店商品均为海外正品，假一罚十，到货周期4-6周左右！！","212100.00","0","hot海外专营店","苏宁","https://product.suning.com/0070207678/12446004759.html","2025-07-06 19:15","product","服装鞋帽"
"https://imgservice5.suning.cn/uimg1/b2c/image/ECbhFv16nHZI0z7SvlWnLg.jpg_400w_400h_4e","彪马(Puma)男款透气反光厚底潮流复古板鞋休闲运动鞋本店商品均为海外正品，假一罚十，到货周期4-6周左右！！","169000.00","0","hot海外专营店","苏宁","https://product.suning.com/0070207678/12446004767.html","2025-07-06 19:15","product","运动户外"
"https://imgservice4.suning.cn/uimg1/b2c/image/JJqShXd7mdUCVlHBZHPCbg.jpg_400w_400h_4e","彪马(Puma)纯棉透气休闲板鞋男低帮运动鞋复古潮流百搭经典撞色拼本店商品均为海外正品，假一罚十，到货周期4-6周左右！！","152000.00","0","hot海外专营店","苏宁","https://product.suning.com/0070207678/12446004804.html","2025-07-06 19:15","product","运动户外"
"https://imgservice3.suning.cn/uimg1/b2c/image/3qvjqDfDQfFD9Y5RIIjqoQ.jpg_400w_400h_4e","彪马(Puma)经典复刻T趾结构真皮拼接休闲板鞋男本店商品均为海外正品，假一罚十，到货周期4-6周左右！！","152000.00","0","hot海外专营店","苏宁","https://product.suning.com/0070207678/12446004836.html","2025-07-06 19:15","product","服装鞋帽"
"https://imgservice3.suning.cn/uimg1/b2c/image/9hXJhrb7PraUjrl-SKIhhA.jpg_400w_400h_4e","彪马(Puma)经典复刻复古板鞋男鞋舒适潮流拼色休闲运动鞋本店商品均为海外正品，假一罚十，到货周期4-6周左右！！","152000.00","0","hot海外专营店","苏宁","https://product.suning.com/0070207678/12446004852.html","2025-07-06 19:15","product","运动户外"
"https://imgservice5.suning.cn/uimg1/b2c/image/pv_epR7NBlz2XrCa7NfzEA.jpg_400w_400h_4e","彪马(Puma)儿童休闲运动鞋皮革板鞋经典款低帮 lace-up鞋 casual本店商品均为海外正品，假一罚十，到货周期4-6周左右！！","111700.00","0","hot海外专营店","苏宁","https://product.suning.com/0070207678/12446005121.html","2025-07-06 19:15","product","运动户外"
"https://imgservice5.suning.cn/uimg1/b2c/image/qI9HeMkdE0MNOXvy4SpTJg.jpg_400w_400h_4e","彪马(Puma)儿童经典休闲板鞋海军蓝低帮运动鞋本店商品均为海外正品，假一罚十，到货周期4-6周左右！！","118900.00","0","hot海外专营店","苏宁","https://product.suning.com/0070207678/12446005132.html","2025-07-06 19:15","product","运动户外"
"https://imgservice5.suning.cn/uimg1/b2c/image/etmQpFlMcPw6oQrfRkwqeQ.jpg_400w_400h_4e","彪马(Puma)复古老爹鞋女加宽后跟透气运动鞋舒适减震休闲百搭配件本店商品均为海外正品，假一罚十，到货周期4-6周左右！！","123500.00","0","hot海外专营店","苏宁","https://product.suning.com/0070207678/12446005149.html","2025-07-06 19:15","product","运动户外"
"https://imgservice4.suning.cn/uimg1/b2c/image/C9y0Wet_M2zp7OxIBrEtSQ.jpg_400w_400h_4e","彪马(Puma)女士休闲板鞋经典复古运动鞋 LaceUp橡胶底舒适百搭小本店商品均为海外正品，假一罚十，到货周期4-6周左右！！","122400.00","0","hot海外专营店","苏宁","https://product.suning.com/0070207678/12446005173.html","2025-07-06 19:15","product","运动户外"
"https://imgservice4.suning.cn/uimg1/b2c/image/SZK-_c2IYmRRqDoxPNOMBA.jpg_400w_400h_4e","彪马(Puma)女鞋经典百搭休闲板鞋春夏新款低帮舒适运动鞋黑白色本店商品均为海外正品，假一罚十，到货周期4-6周左右！！","92800.00","0","hot海外专营店","苏宁","https://product.suning.com/0070207678/12446005185.html","2025-07-06 19:15","product","运动户外"
"https://imgservice4.suning.cn/uimg1/b2c/image/9x9AhBrwglVZriyBQHXSwg.jpg_400w_400h_4e","彪马(Puma)男款休闲板鞋白色复古拼接耐磨橡胶底 lace-up运动鞋本店商品均为海外正品，假一罚十，到货周期4-6周左右！！","131600.00","0","hot海外专营店","苏宁","https://product.suning.com/0070207678/12446005204.html","2025-07-06 19:15","product","运动户外"
"https://imgservice4.suning.cn/uimg1/b2c/image/2i5_cMs2LOXl0CUqfQJxUA.jpg_400w_400h_4e","彪马(Puma)男款休闲运动板鞋复古潮流百搭系带麂皮缓震跑步鞋本店商品均为海外正品，假一罚十，到货周期4-6周左右！！","122400.00","0","hot海外专营店","苏宁","https://product.suning.com/0070207678/12446005210.html","2025-07-06 19:15","product","运动户外"
"https://imgservice3.suning.cn/uimg1/b2c/image/VpG2J_UMT2KbJDhL-9RU5Q.jpg_400w_400h_4e","彪马(Puma)男鞋休闲板鞋复古潮流Puma风格拼接帆布低帮运动鞋本店商品均为海外正品，假一罚十，到货周期4-6周左右！！","157000.00","0","hot海外专营店","苏宁","https://product.suning.com/0070207678/12446005224.html","2025-07-06 19:15","product","运动户外"
"https://imgservice3.suning.cn/uimg1/b2c/image/GeaP23XEhS41aTOzHvjf2Q.jpg_400w_400h_4e","彪马(Puma)男鞋经典复古皮革板鞋低帮休闲运动鞋舒适缓震潮流百搭本店商品均为海外正品，假一罚十，到货周期4-6周左右！！","112200.00","0","hot海外专营店","苏宁","https://product.suning.com/0070207678/12446005228.html","2025-07-06 19:15","product","运动户外"
"https://imgservice3.suning.cn/uimg1/b2c/image/tAewMPP1fZWQHX9_gsKgvw.jpg_400w_400h_4e","彪马(Puma)经典复古休闲板鞋男鞋百搭防滑耐磨运动鞋潮流拼接真皮本店商品均为海外正品，假一罚十，到货周期4-6周左右！！","156200.00","0","hot海外专营店","苏宁","https://product.suning.com/0070207678/12446005231.html","2025-07-06 19:15","product","运动户外"
"https://imgservice3.suning.cn/uimg1/b2c/image/5NFd44WwiEhW_jJOyJOlpA.jpg_400w_400h_4e","彪马(Puma)高帮厚底松糕鞋女鞋PUMA潮牌休闲鞋平台鞋百搭显高运动本店商品均为海外正品，假一罚十，到货周期4-6周左右！！","138500.00","0","hot海外专营店","苏宁","https://product.suning.com/0070207678/12446005241.html","2025-07-06 19:15","product","运动户外"
"https://imgservice1.suning.cn/uimg1/b2c/image/63mkReK9vqblmm5B0GzxXw.jpg_400w_400h_4e","彪马(Puma)PUMA女鞋皮革透气复古休闲板鞋舒适百搭运动鞋潮流潮牌本店商品均为海外正品，假一罚十，到货周期4-6周左右！！","160500.00","0","hot海外专营店","苏宁","https://product.suning.com/0070207678/12446005343.html","2025-07-06 19:15","product","运动户外"
"https://imgservice5.suning.cn/uimg1/b2c/image/kwhU78QS6Yb7kSs5eK8xOg.jpg_400w_400h_4e","彪马(Puma)儿童黑白经典款休闲运动鞋舒适百搭橡胶底系带板鞋本店商品均为海外正品，假一罚十，到货周期4-6周左右！！","117600.00","0","hot海外专营店","苏宁","https://product.suning.com/0070207678/12446005407.html","2025-07-06 19:15","product","运动户外"
"https://imgservice5.suning.cn/uimg1/b2c/image/WtEj_nnv1uIygafgHoH_hA.jpg_400w_400h_4e","彪马(Puma)复古潮流PUMA休闲板鞋男80s风格缓震舒适运动鞋本店商品均为海外正品，假一罚十，到货周期4-6周左右！！","138200.00","0","hot海外专营店","苏宁","https://product.suning.com/0070207678/12446005419.html","2025-07-06 19:15","product","运动户外"
"https://imgservice1.suning.cn/uimg1/b2c/image/a105NlfBnpvy9JvPnzBsmg.jpg_400w_400h_4e","彪马(Puma)复古潮流拼接板鞋女鞋舒适防滑街头休闲运动鞋本店商品均为海外正品，假一罚十，到货周期4-6周左右！！","143700.00","0","hot海外专营店","苏宁","https://product.suning.com/0070207678/12446005586.html","2025-07-06 19:15","product","运动户外"
"https://imgservice5.suning.cn/uimg1/b2c/image/1RdyZ9LcF012StDncNzKnA.jpg_400w_400h_4e","彪马(Puma)潮流联名款休闲板鞋男鞋街头吸睛时尚百搭鞋本店商品均为海外正品，假一罚十，到货周期4-6周左右！！","211500.00","0","hot海外专营店","苏宁","https://product.suning.com/0070207678/12446005650.html","2025-07-06 19:15","product","服装鞋帽"
"https://imgservice4.suning.cn/uimg1/b2c/image/UfVcgQzlEkSIqB9hjUYL0Q.png_400w_400h_4e","彪马(Puma)环保再生材质低帮休闲鞋复古风格圆头系带运动鞋本店商品均为海外正品，假一罚十，到货周期4-6周左右！！","132600.00","0","hot海外专营店","苏宁","https://product.suning.com/0070207678/12446005665.html","2025-07-06 19:15","product","运动户外"
"https://imgservice3.suning.cn/uimg1/b2c/image/jUIDGjroNsyLt6yt-wAlwA.png_400w_400h_4e","彪马(Puma)男鞋休闲运动鞋轻便缓震透气织物圆头系带板鞋户外潮流本店商品均为海外正品，假一罚十，到货周期4-6周左右！！","167000.00","0","hot海外专营店","苏宁","https://product.suning.com/0070207678/12446005723.html","2025-07-06 19:15","product","运动户外"
"https://imgservice3.suning.cn/uimg1/b2c/image/7w0ju44ux3LKp-m9zppXEw.jpg_400w_400h_4e","彪马(Puma)皮质休闲鞋舒适减震潮流百搭经典板鞋男本店商品均为海外正品，假一罚十，到货周期4-6周左右！！","152200.00","0","hot海外专营店","苏宁","https://product.suning.com/0070207678/12446005750.html","2025-07-06 19:15","product","服装鞋帽"
"https://imgservice5.suning.cn/uimg1/b2c/image/QboUki5X597RXG5Z6iREog.jpg_400w_400h_4e","彪马(Puma)PUMA板鞋男鞋新款休闲鞋钻石元素街头潮流厚底运动鞋 Black/Grey 46本店商品均为海外正品，假一罚十，到货周期4-6周左右！！","263100.00","0","hot海外专营店","苏宁","https://product.suning.com/0070207678/12446005892.html","2025-07-06 19:15","product","运动户外"
"https://imgservice5.suning.cn/uimg1/b2c/image/1CqaDi94U-D_ag0Vuwm9qQ.jpg_400w_400h_4e","彪马(Puma)PUMA潮流板鞋男鞋Y2K街头风银色系未来感闪亮休闲运动本店商品均为海外正品，假一罚十，到货周期4-6周左右！！","237300.00","0","hot海外专营店","苏宁","https://product.suning.com/0070207678/12446005902.html","2025-07-06 19:15","product","服装鞋帽"
"https://imgservice4.suning.cn/uimg1/b2c/image/9lbTgZ_10zABJmthZ54ANQ.jpg_400w_400h_4e","彪马(Puma)PUMA篮球鞋男鞋低帮休闲鞋潮流拼接设计舒适耐用板鞋本店商品均为海外正品，假一罚十，到货周期4-6周左右！！","245800.00","0","hot海外专营店","苏宁","https://product.suning.com/0070207678/12446005928.html","2025-07-06 19:15","product","运动户外"
"https://imgservice3.suning.cn/uimg1/b2c/image/kRxSw6NXtlXJz7daB-SBqA.jpg_400w_400h_4e","彪马(Puma)休闲板鞋男鞋撞色设计潮流百搭运动鞋本店商品均为海外正品，假一罚十，到货周期4-6周左右！！","237000.00","0","hot海外专营店","苏宁","https://product.suning.com/0070207678/12446005961.html","2025-07-06 19:15","product","运动户外"
"https://imgservice5.suning.cn/uimg1/b2c/image/K0mXGsK3BP9FaYOd_Lh9Ow.jpg_400w_400h_4e","彪马(Puma)低帮板鞋透气舒适橡胶大底休闲运动鞋本店商品均为海外正品，假一罚十，到货周期4-6周左右！！","135300.00","0","hot海外专营店","苏宁","https://product.suning.com/0070207678/12446006001.html","2025-07-06 19:15","product","运动户外"
"https://imgservice5.suning.cn/uimg1/b2c/image/osdMtmc5L0J_yB6ZNEGD2A.jpg_400w_400h_4e","彪马(Puma)加厚 padded 高回弹 EVA 中底防滑厚底复古板鞋男潮流本店商品均为海外正品，假一罚十，到货周期4-6周左右！！","152100.00","0","hot海外专营店","苏宁","https://product.suning.com/0070207678/12446006017.html","2025-07-06 19:15","product","服装鞋帽"
"https://imgservice4.suning.cn/uimg1/b2c/image/nxczqNkG_QkuiqsVe0mNWQ.jpg_400w_400h_4e","彪马(Puma)复古赛车风板鞋男鞋速猫OG皮质拼接休闲运动鞋街头经典本店商品均为海外正品，假一罚十，到货周期4-6周左右！！","220100.00","0","hot海外专营店","苏宁","https://product.suning.com/0070207678/12446006045.html","2025-07-06 19:15","product","服装鞋帽"
"https://imgservice4.suning.cn/uimg1/b2c/image/VunnS7qyZ5gM1bmYJTJ8MQ.jpg_400w_400h_4e","彪马(Puma)潮流复古板鞋男鞋舒适百搭街头休闲鞋男士撞色拼接运动本店商品均为海外正品，假一罚十，到货周期4-6周左右！！","194500.00","0","hot海外专营店","苏宁","https://product.suning.com/0070207678/12446006088.html","2025-07-06 19:15","product","运动户外"
"https://imgservice2.suning.cn/uimg1/b2c/image/4TLxQaLYV_nat550kttNyQ.jpg_400w_400h_4e","彪马(Puma)低帮休闲板鞋男鞋运动鞋时尚百搭橡胶底系带硫化鞋本店商品均为海外正品，假一罚十，到货周期4-6周左右！！","107200.00","0","hot海外专营店","苏宁","https://product.suning.com/0070207678/12446006167.html","2025-07-06 19:15","product","运动户外"
"https://imgservice2.suning.cn/uimg1/b2c/image/UjreSiioT4tJdxVE9QFvQw.jpg_400w_400h_4e","彪马(Puma)低帮休闲运动鞋男胶底缓震 lace-up街头经典复古板鞋 Grey 40.5本店商品均为海外正品，假一罚十，到货周期4-6周左右！！","122500.00","0","hot海外专营店","苏宁","https://product.suning.com/0070207678/12446006186.html","2025-07-06 19:15","product","运动户外"
"https://imgservice1.suning.cn/uimg1/b2c/image/7cMMJx-GRb8lV98w2KmaUg.jpg_400w_400h_4e","彪马(Puma)儿童低帮休闲皮革运动鞋舒适减震百搭经典板鞋本店商品均为海外正品，假一罚十，到货周期4-6周左右！！","134400.00","0","hot海外专营店","苏宁","https://product.suning.com/0070207678/12446006194.html","2025-07-06 19:15","product","运动户外"
"https://imgservice1.suning.cn/uimg1/b2c/image/C4EQ0TnwgmSMyhvI0kvYEQ.jpg_400w_400h_4e","彪马(Puma)儿童板鞋小白鞋舒适防滑运动鞋潮流休闲鞋本店商品均为海外正品，假一罚十，到货周期4-6周左右！！","118800.00","0","hot海外专营店","苏宁","https://product.suning.com/0070207678/12446006228.html","2025-07-06 19:15","product","运动户外"
"https://imgservice5.suning.cn/uimg1/b2c/image/AATT_wTaGzHOSglxx4qWYg.jpg_400w_400h_4e","彪马(Puma)增高凉爽舒适潮流系带板鞋女鞋春夏休闲运动厚底帆布鞋 Black 35.5本店商品均为海外正品，假一罚十，到货周期4-6周左右！！","116700.00","0","hot海外专营店","苏宁","https://product.suning.com/0070207678/12446006264.html","2025-07-06 19:15","product","服装鞋帽"
"https://imgservice5.suning.cn/uimg1/b2c/image/AoNtxYPKLnP8L76A82nXsg.jpg_400w_400h_4e","彪马(Puma)女鞋休闲板鞋复古小白鞋舒适百搭运动鞋 laceup橡胶底本店商品均为海外正品，假一罚十，到货周期4-6周左右！！","122400.00","0","hot海外专营店","苏宁","https://product.suning.com/0070207678/12446006268.html","2025-07-06 19:15","product","运动户外"
"https://imgservice5.suning.cn/uimg1/b2c/image/3l0XtkGqWXEurXs3Y_8eCg.jpg_400w_400h_4e","彪马(Puma)潮流复古板鞋男鞋ScoobyDoo联名款神秘机器人大胆撞色本店商品均为海外正品，假一罚十，到货周期4-6周左右！！","211600.00","0","hot海外专营店","苏宁","https://product.suning.com/0070207678/12446006274.html","2025-07-06 19:15","product","服装鞋帽"
"https://imgservice5.suning.cn/uimg1/b2c/image/bRTU3NF6nyP6Pd7DuUWiRw.jpg_400w_400h_4e","彪马(Puma)男士休闲板鞋海军蓝舒适缓震硫化橡胶底系带运动鞋本店商品均为海外正品，假一罚十，到货周期4-6周左右！！","112400.00","0","hot海外专营店","苏宁","https://product.suning.com/0070207678/12446006287.html","2025-07-06 19:15","product","运动户外"
"https://imgservice4.suning.cn/uimg1/b2c/image/BtLHehdwUpAWaGh8WFY6ig.jpg_400w_400h_4e","彪马(Puma)男士休闲板鞋白色轻便防滑运动鞋经典复古老爹鞋户外潮本店商品均为海外正品，假一罚十，到货周期4-6周左右！！","111900.00","0","hot海外专营店","苏宁","https://product.suning.com/0070207678/12446006298.html","2025-07-06 19:15","product","运动户外"
"https://imgservice4.suning.cn/uimg1/b2c/image/6svek4O2KwwxPxhjiuZZjw.jpg_400w_400h_4e","彪马(Puma)男款板鞋休闲鞋潮流时尚舒适减震跑步训练鞋本店商品均为海外正品，假一罚十，到货周期4-6周左右！！","186000.00","0","hot海外专营店","苏宁","https://product.suning.com/0070207678/12446006305.html","2025-07-06 19:15","product","服装鞋帽"
"https://imgservice4.suning.cn/uimg1/b2c/image/6FrT97mXv9VcljkHK0p7cw.jpg_400w_400h_4e","彪马(Puma)白玫瑰金女鞋休闲板鞋柔软皮革镂空运动鞋潮流百搭配色本店商品均为海外正品，假一罚十，到货周期4-6周左右！！","121300.00","0","hot海外专营店","苏宁","https://product.suning.com/0070207678/12446006330.html","2025-07-06 19:15","product","运动户外"
"https://imgservice4.suning.cn/uimg1/b2c/image/0DQ2iGaV_a9-F6u4g6yosA.jpg_400w_400h_4e","彪马(Puma)经典复刻板鞋男鞋复古足球风格拼接纹理舒适百搭休闲运本店商品均为海外正品，假一罚十，到货周期4-6周左右！！","203100.00","0","hot海外专营店","苏宁","https://product.suning.com/0070207678/12446006333.html","2025-07-06 19:15","product","运动户外"
"https://imgservice1.suning.cn/uimg1/b2c/image/itHruAMklXQ9fXvg60iNSQ.jpg_400w_400h_4e","彪马(Puma) laceup休闲板鞋皮革拼接橡胶底舒适内增高运动鞋本店商品均为海外正品，假一罚十，到货周期4-6周左右！！","111900.00","0","hot海外专营店","苏宁","https://product.suning.com/0070207678/12446006454.html","2025-07-06 19:15","product","运动户外"
"https://imgservice5.suning.cn/uimg1/b2c/image/-fgTpP0fy2I6Hd9ZK8Ftgw.jpg_400w_400h_4e","彪马(Puma)女款休闲板鞋海军蓝麂皮拼接 LaceUp运动鞋时尚百搭潮 Navy 37本店商品均为海外正品，假一罚十，到货周期4-6周左右！！","102700.00","0","hot海外专营店","苏宁","https://product.suning.com/0070207678/12446006492.html","2025-07-06 19:15","product","运动户外"
"https://imgservice5.suning.cn/uimg1/b2c/image/vD2aMCC0vY8_FvG4eIItvw.jpg_400w_400h_4e","彪马(Puma)女鞋休闲板鞋轻便舒适百搭春季夏季新款运动鞋本店商品均为海外正品，假一罚十，到货周期4-6周左右！！","102400.00","0","hot海外专营店","苏宁","https://product.suning.com/0070207678/12446006502.html","2025-07-06 19:15","product","运动户外"
"https://imgservice5.suning.cn/uimg1/b2c/image/tQ18rbIIWYvLBX-B9ipK5g.jpg_400w_400h_4e","彪马(Puma)女鞋春季新款休闲板鞋舒适百搭防滑运动鞋白粉拼色潮流本店商品均为海外正品，假一罚十，到货周期4-6周左右！！","92800.00","0","hot海外专营店","苏宁","https://product.suning.com/0070207678/12446006518.html","2025-07-06 19:15","product","服装鞋帽"
"https://imgservice5.suning.cn/uimg1/b2c/image/vus7BiDOx6bRa6nN6taH3Q.jpg_400w_400h_4e","彪马(Puma)女鞋春季新款休闲板鞋轻便舒适百搭透气运动鞋本店商品均为海外正品，假一罚十，到货周期4-6周左右！！","92800.00","0","hot海外专营店","苏宁","https://product.suning.com/0070207678/12446006532.html","2025-07-06 19:15","product","运动户外"
"https://imgservice4.suning.cn/uimg1/b2c/image/vviHO4INAVI0SoaUlbK1Aw.jpg_400w_400h_4e","彪马(Puma)白黑撞色经典板鞋女鞋春夏新款休闲百搭配色运动鞋本店商品均为海外正品，假一罚十，到货周期4-6周左右！！","89000.00","0","hot海外专营店","苏宁","https://product.suning.com/0070207678/12446006542.html","2025-07-06 19:15","product","运动户外"
"https://imgservice5.suning.cn/uimg1/b2c/image/KNhc2-qId6pyC1NgjHEbLg.jpg_400w_400h_4e","彪马(Puma)Puma女鞋休闲板鞋现代时尚舒适透气复古潮流拼接小白鞋本店商品均为海外正品，假一罚十，到货周期4-6周左右！！","112500.00","0","hot海外专营店","苏宁","https://product.suning.com/0070207678/12446006768.html","2025-07-06 19:15","product","服装鞋帽"
"https://imgservice4.suning.cn/uimg1/b2c/image/M3BMYXDc18Xlk_VdoMqVQg.jpg_400w_400h_4e","彪马(Puma)女鞋休闲板鞋舒适百搭低帮运动鞋时尚潮流拼接拼色休闲本店商品均为海外正品，假一罚十，到货周期4-6周左右！！","143000.00","0","hot海外专营店","苏宁","https://product.suning.com/0070207678/12446006791.html","2025-07-06 19:15","product","运动户外"
"https://imgservice4.suning.cn/uimg1/b2c/image/Elb1H1NRPmysnEYw5MdOmw.jpg_400w_400h_4e","彪马(Puma)女鞋休闲鞋百搭舒适时尚简约V3 S板鞋低帮运动鞋本店商品均为海外正品，假一罚十，到货周期4-6周左右！！","111800.00","0","hot海外专营店","苏宁","https://product.suning.com/0070207678/12446006822.html","2025-07-06 19:15","product","运动户外"
"https://imgservice3.suning.cn/uimg1/b2c/image/S5pUQdocQlYB-99xhmKOqQ.png_400w_400h_4e","彪马(Puma)环保材质拼接潮流板鞋男休闲鞋撞色系带运动鞋本店商品均为海外正品，假一罚十，到货周期4-6周左右！！","168500.00","0","hot海外专营店","苏宁","https://product.suning.com/0070207678/12446006841.html","2025-07-06 19:15","product","运动户外"
"https://imgservice3.suning.cn/uimg1/b2c/image/f7iKJkOMGH7pHkha2t-s4g.jpg_400w_400h_4e","彪马(Puma)男士板鞋休闲鞋春夏款轻便舒适透气运动鞋灰蓝色宽版本店商品均为海外正品，假一罚十，到货周期4-6周左右！！","102400.00","0","hot海外专营店","苏宁","https://product.suning.com/0070207678/12446006852.html","2025-07-06 19:15","product","运动户外"
"https://imgservice3.suning.cn/uimg1/b2c/image/eiky_G9mQeh2G4HMA73G5Q.jpg_400w_400h_4e","彪马(Puma)男鞋百搭休闲板鞋舒适轻便低帮运动鞋春夏款简约潮流帆本店商品均为海外正品，假一罚十，到货周期4-6周左右！！","86600.00","0","hot海外专营店","苏宁","https://product.suning.com/0070207678/12446006865.html","2025-07-06 19:15","product","运动户外"
"https://imgservice5.suning.cn/uimg1/b2c/image/iXcQI9M7mY6lsR0wuPzsxA.png_400w_400h_4e","彪马(Puma)PUMA经典AMG系列真皮内里舒适橡胶底系带板鞋男 Sand_Dune/Blue_Horizon 42海外直邮 正品保证","212800.00","0","奢品海外专营店","苏宁","https://product.suning.com/0070653458/12446036341.html","2025-07-06 19:15","product","服装鞋帽"
"https://imgservice5.suning.cn/uimg1/b2c/image/FY4-H6towm3tRW6lCn42Nw.jpg_400w_400h_4e","彪马(Puma)复古老爹鞋透气休闲运动鞋男厚底拼接撞色复古跑鞋街头海外直邮 正品保证","169000.00","0","奢品海外专营店","苏宁","https://product.suning.com/0070653458/12446036344.html","2025-07-06 19:15","product","运动户外"
"https://imgservice5.suning.cn/uimg1/b2c/image/lTEHBp_quvpIoZCvuMTPOA.jpg_400w_400h_4e","彪马(Puma)复古跑鞋男鞋极简曲线透气运动鞋街头百搭厚底休闲板鞋海外直邮 正品保证","220000.00","0","奢品海外专营店","苏宁","https://product.suning.com/0070653458/12446036357.html","2025-07-06 19:15","product","运动户外"
"https://imgservice5.suning.cn/uimg1/b2c/image/GNyJ544MzxWDKzW55eW_zg.jpg_400w_400h_4e","彪马(Puma)女鞋新款全皮革复古厚底休闲板鞋百搭舒适运动潮鞋 Black/White 40海外直邮 正品保证","153400.00","0","奢品海外专营店","苏宁","https://product.suning.com/0070653458/12446036369.html","2025-07-06 19:15","product","服装鞋帽"
"https://imgservice5.suning.cn/uimg1/b2c/image/01Gjou4HQttm42aGnekueg.jpg_400w_400h_4e","彪马(Puma)皮革透气休闲鞋男潮牌经典板鞋男鞋舒适百搭运动鞋海外直邮 正品保证","153800.00","0","奢品海外专营店","苏宁","https://product.suning.com/0070653458/12446036371.html","2025-07-06 19:15","product","运动户外"
"https://imgservice5.suning.cn/uimg1/b2c/image/qk-C1ZUlKLrrKD10E4MjBg.jpg_400w_400h_4e","彪马(Puma)篮球实战鞋男子低帮运动鞋 breathable laceup cushion Multi 47海外直邮 正品保证","160500.00","0","奢品海外专营店","苏宁","https://product.suning.com/0070653458/12446036374.html","2025-07-06 19:15","product","运动户外"
